,species,family,2000SA,2000A,2001SA,2001A,2002SA,2002A,2003SA,2003A,2004SA,2004A,2005SA,2005A,2006SA,2006A,2007SA,2007A,2008SA,2008A,2009SA,2009A,2010SA,2010A,2011SA,2011A,2012SA,2012A,2013SA,2013A,2014SA,2014A,2015SA,2015A,2016SA,2016A,2017SA,2017A,2018SA,2018A,2019SA,2019A
0,Troglodytes aedon,Troglodytidae,0.0,3.0,0.0,0.0,17.0,17.0,0.0,6.0,0.0,9.0,0.0,13.0,1.0,7.0,0.0,15.0,3.0,53.0,28.0,68.0,15.0,105.0,10.0,79.0,11.0,84.0,9.0,196.0,33.0,292.0,43.0,405.0,167.0,701.0,159.0,951.0,284.0,1189.0,478.0,1785.0
0,Tringa melanoleuca,Scolopacidae,0.0,17.0,0.0,6.0,0.0,8.0,0.0,7.0,0.0,8.0,0.0,2.0,0.0,0.0,0.0,7.0,3.0,56.0,1.0,5.0,0.0,50.0,10.0,68.0,1.0,41.0,2.0,106.0,0.0,167.0,5.0,117.0,21.0,233.0,0.0,84.0,29.0,290.0,48.0,316.0
0,Calidris minutilla,Scolopacidae,0.0,0.0,0.0,0.0,0.0,0.0,0.0,0.0,0.0,0.0,0.0,0.0,0.0,0.0,0.0,2.0,0.0,1.0,0.0,0.0,0.0,697.0,0.0,407.0,0.0,505.0,0.0,0.0,0.0,26.0,0.0,26.0,0.0,32.0,0.0,32.0,0.0,76.0,0.0,385.0
0,Branta canadensis,Anatidae,0.0,0.0,0.0,0.0,0.0,0.0,0.0,0.0,0.0,0.0,0.0,0.0,0.0,0.0,0.0,0.0,0.0,0.0,0.0,0.0,0.0,0.0,0.0,0.0,0.0,0.0,0.0,0.0,0.0,0.0,0.0,0.0,0.0,0.0,0.0,0.0,0.0,0.0,0.0,0.0
0,Anas platyrhynchos,Anatidae,0.0,0.0,0.0,0.0,0.0,0.0,0.0,0.0,0.0,0.0,0.0,0.0,0.0,6.0,0.0,0.0,0.0,0.0,0.0,0.0,0.0,0.0,0.0,0.0,0.0,0.0,0.0,0.0,0.0,0.0,0.0,0.0,0.0,0.0,0.0,0.0,0.0,0.0,0.0,0.0
0,Sayornis nigricans,Tyrannidae,0.0,0.0,0.0,6.0,0.0,1.0,0.0,0.0,0.0,10.0,0.0,2.0,0.0,3.0,0.0,4.0,0.0,0.0,0.0,2.0,0.0,5.0,0.0,4.0,0.0,5.0,0.0,16.0,0.0,27.0,0.0,23.0,0.0,30.0,0.0,32.0,0.0,48.0,0.0,54.0
0,Elanus leucurus,Accipitridae,0.0,0.0,0.0,0.0,0.0,0.0,0.0,0.0,0.0,2.0,0.0,0.0,0.0,2.0,2.0,4.0,2.0,3.0,0.0,5.0,0.0,2.0,0.0,5.0,0.0,7.0,0.0,14.0,4.0,13.0,1.0,17.0,6.0,22.0,5.0,27.0,8.0,47.0,9.0,61.0
0,Egretta thula,Ardeidae,0.0,96.0,2.0,92.0,0.0,92.0,24.0,181.0,0.0,111.0,2.0,69.0,0.0,81.0,1.0,50.0,1.0,36.0,1.0,52.0,0.0,136.0,1.0,117.0,20.0,141.0,15.0,409.0,52.0,363.0,92.0,983.0,258.0,732.0,315.0,973.0,194.0,1593.0,344.0,1696.0
0,Columba livia,Columbidae,0.0,0.0,0.0,46.0,0.0,25.0,5.0,65.0,0.0,17.0,0.0,36.0,3.0,45.0,0.0,72.0,41.0,69.0,100.0,379.0,20.0,148.0,0.0,124.0,42.0,162.0,205.0,326.0,59.0,387.0,212.0,767.0,540.0,1588.0,730.0,2211.0,1021.0,3559.0,2451.0,4879.0
0,Hirundo rustica,Hirundinidae,0.0,0.0,0.0,0.0,0.0,0.0,0.0,0.0,0.0,0.0,0.0,0.0,0.0,6.0,0.0,2.0,0.0,12.0,0.0,0.0,0.0,7.0,0.0,14.0,0.0,9.0,0.0,112.0,81.0,345.0,14.0,587.0,1.0,254.0,60.0,282.0,12.0,844.0,61.0,456.0
0,Passer domesticus,Passeridae,0.0,0.0,0.0,30.0,0.0,18.0,0.0,57.0,0.0,16.0,0.0,1.0,0.0,12.0,3.0,43.0,50.0,83.0,0.0,10.0,0.0,185.0,5.0,195.0,13.0,204.0,0.0,174.0,44.0,277.0,64.0,529.0,130.0,810.0,324.0,1403.0,664.0,2081.0,1599.0,3097.0
0,Podilymbus podiceps,Podicipedidae,0.0,55.0,0.0,11.0,0.0,17.0,1.0,112.0,21.0,23.0,0.0,0.0,0.0,9.0,0.0,7.0,3.0,7.0,0.0,13.0,0.0,43.0,0.0,30.0,1.0,71.0,6.0,38.0,0.0,18.0,12.0,66.0,25.0,85.0,24.0,128.0,36.0,149.0,53.0,182.0
0,Phalaropus lobatus,Scolopacidae,0.0,0.0,0.0,0.0,0.0,0.0,0.0,0.0,0.0,0.0,0.0,16.0,0.0,0.0,0.0,0.0,0.0,0.0,0.0,70.0,0.0,0.0,0.0,0.0,0.0,0.0,0.0,1.0,0.0,0.0,0.0,16.0,0.0,0.0,0.0,0.0,0.0,0.0,0.0,300.0
0,Petrochelidon pyrrhonota,Hirundinidae,0.0,0.0,0.0,0.0,0.0,0.0,0.0,0.0,100.0,100.0,0.0,0.0,0.0,0.0,500.0,500.0,0.0,0.0,0.0,1.0,0.0,0.0,0.0,0.0,0.0,0.0,0.0,2.0,0.0,4.0,0.0,2.0,2.0,3.0,0.0,20.0,4.0,6.0,70.0,78.0
0,Calidris melanotos,Scolopacidae,0.0,0.0,0.0,0.0,0.0,0.0,0.0,0.0,0.0,0.0,0.0,0.0,38.0,42.0,0.0,0.0,0.0,0.0,0.0,8.0,11.0,15.0,27.0,29.0,0.0,0.0,0.0,30.0,1.0,2.0,1.0,5.0,5.0,38.0,1.0,17.0,64.0,112.0,70.0,137.0
0,Pluvialis dominica,Charadriidae,0.0,1.0,0.0,0.0,0.0,0.0,0.0,0.0,0.0,1.0,0.0,0.0,0.0,0.0,0.0,16.0,0.0,0.0,27.0,27.0,0.0,6.0,0.0,1.0,0.0,1.0,0.0,0.0,0.0,0.0,3.0,5.0,7.0,162.0,6.0,15.0,12.0,36.0,31.0,113.0
0,Bartramia longicauda,Scolopacidae,0.0,0.0,0.0,0.0,0.0,0.0,0.0,0.0,0.0,1.0,0.0,0.0,0.0,0.0,0.0,5.0,0.0,0.0,0.0,0.0,3.0,3.0,0.0,0.0,0.0,4.0,0.0,0.0,3.0,10.0,2.0,12.0,0.0,5.0,0.0,7.0,3.0,14.0,9.0,20.0
0,Thalassarche melanophris,Diomedeidae,0.0,1.0,0.0,15.0,0.0,0.0,0.0,150.0,0.0,0.0,0.0,75.0,0.0,5.0,0.0,0.0,0.0,0.0,0.0,269.0,0.0,265.0,0.0,8.0,0.0,535.0,0.0,7.0,0.0,17.0,1.0,144.0,0.0,400.0,1.0,1052.0,0.0,1318.0,5.0,210.0
0,Thalassarche chlororhynchos,Diomedeidae,0.0,0.0,0.0,0.0,0.0,0.0,0.0,0.0,0.0,0.0,0.0,0.0,0.0,0.0,0.0,0.0,0.0,0.0,0.0,0.0,0.0,0.0,0.0,0.0,0.0,0.0,0.0,1.0,0.0,0.0,0.0,30.0,0.0,0.0,0.0,0.0,0.0,104.0,0.0,0.0
0,Tyto alba,Tytonidae,0.0,0.0,0.0,0.0,0.0,0.0,1.0,1.0,0.0,0.0,0.0,0.0,0.0,1.0,0.0,0.0,0.0,2.0,0.0,1.0,0.0,2.0,0.0,1.0,0.0,2.0,0.0,0.0,1.0,8.0,5.0,11.0,2.0,16.0,3.0,16.0,7.0,31.0,6.0,25.0
0,Arenaria interpres,Scolopacidae,0.0,0.0,0.0,0.0,0.0,5.0,0.0,0.0,0.0,1.0,0.0,15.0,0.0,0.0,0.0,5.0,0.0,28.0,0.0,357.0,0.0,32.0,0.0,33.0,0.0,46.0,0.0,32.0,0.0,89.0,0.0,113.0,0.0,96.0,8.0,112.0,0.0,446.0,0.0,390.0
0,Bubulcus ibis,Ardeidae,0.0,15.0,0.0,21.0,3.0,44.0,4.0,51.0,0.0,76.0,1.0,15.0,0.0,4.0,0.0,239.0,0.0,57.0,107.0,159.0,5.0,389.0,50.0,623.0,43.0,615.0,6.0,293.0,104.0,782.0,6.0,431.0,110.0,794.0,226.0,1688.0,151.0,1152.0,809.0,3570.0
0,Chlidonias leucopterus,Laridae,0.0,0.0,0.0,0.0,0.0,0.0,0.0,0.0,0.0,0.0,0.0,0.0,0.0,0.0,0.0,0.0,0.0,0.0,0.0,0.0,0.0,0.0,0.0,0.0,0.0,0.0,0.0,0.0,0.0,0.0,0.0,0.0,0.0,0.0,0.0,0.0,0.0,0.0,0.0,0.0
0,Melopsittacus undulatus,Psittacidae,0.0,0.0,0.0,0.0,0.0,0.0,0.0,0.0,0.0,0.0,0.0,0.0,0.0,0.0,0.0,0.0,0.0,0.0,0.0,0.0,0.0,0.0,0.0,0.0,0.0,0.0,0.0,0.0,0.0,0.0,0.0,0.0,0.0,0.0,0.0,0.0,0.0,0.0,0.0,0.0
0,Chordeiles minor,Caprimulgidae,0.0,0.0,0.0,0.0,0.0,0.0,0.0,0.0,0.0,0.0,0.0,0.0,0.0,0.0,0.0,1.0,0.0,0.0,0.0,0.0,0.0,0.0,0.0,20.0,0.0,0.0,0.0,0.0,0.0,1.0,0.0,0.0,5.0,5.0,0.0,0.0,0.0,0.0,1.0,1.0
0,Calidris alpina,Scolopacidae,0.0,0.0,0.0,0.0,0.0,0.0,0.0,0.0,0.0,0.0,0.0,0.0,0.0,0.0,0.0,0.0,0.0,0.0,0.0,0.0,0.0,0.0,0.0,0.0,0.0,0.0,0.0,0.0,0.0,0.0,0.0,0.0,0.0,0.0,0.0,0.0,0.0,0.0,0.0,0.0
0,Charadrius semipalmatus,Charadriidae,0.0,7.0,0.0,0.0,0.0,0.0,0.0,22.0,0.0,21.0,0.0,11.0,0.0,75.0,0.0,1.0,0.0,124.0,0.0,13.0,0.0,73.0,0.0,55.0,0.0,78.0,0.0,78.0,0.0,40.0,0.0,32.0,0.0,121.0,0.0,177.0,2.0,183.0,0.0,387.0
0,Paroaria coronata,Thraupidae,0.0,0.0,0.0,0.0,5.0,5.0,0.0,0.0,2.0,2.0,0.0,0.0,17.0,20.0,18.0,18.0,0.0,0.0,20.0,24.0,64.0,72.0,1.0,7.0,3.0,6.0,2.0,20.0,25.0,34.0,336.0,345.0,129.0,147.0,190.0,291.0,351.0,445.0,419.0,579.0
0,Phasianus colchicus,Phasianidae,0.0,0.0,0.0,0.0,0.0,0.0,0.0,0.0,0.0,0.0,0.0,0.0,0.0,0.0,0.0,0.0,0.0,0.0,0.0,0.0,0.0,0.0,0.0,0.0,0.0,4.0,0.0,0.0,0.0,4.0,0.0,0.0,0.0,0.0,0.0,1.0,0.0,0.0,0.0,0.0
0,Progne subis,Hirundinidae,0.0,0.0,0.0,0.0,0.0,4.0,0.0,0.0,0.0,0.0,0.0,0.0,0.0,0.0,0.0,0.0,0.0,0.0,0.0,0.0,0.0,0.0,0.0,10.0,0.0,0.0,0.0,15.0,0.0,0.0,0.0,1.0,0.0,0.0,0.0,0.0,0.0,2.0,0.0,276.0
0,Piranga flava,Cardinalidae,0.0,0.0,0.0,0.0,0.0,0.0,0.0,1.0,0.0,0.0,0.0,2.0,0.0,0.0,0.0,0.0,0.0,0.0,0.0,0.0,0.0,2.0,0.0,0.0,0.0,2.0,0.0,3.0,8.0,10.0,1.0,6.0,6.0,16.0,10.0,33.0,15.0,63.0,21.0,47.0
0,Puffinus puffinus,Procellariidae,0.0,0.0,0.0,0.0,0.0,0.0,0.0,0.0,0.0,0.0,0.0,0.0,0.0,0.0,0.0,0.0,0.0,0.0,0.0,0.0,0.0,0.0,0.0,0.0,0.0,0.0,0.0,0.0,0.0,0.0,0.0,0.0,0.0,65.0,0.0,32.0,0.0,24.0,0.0,63.0
0,Parabuteo unicinctus,Accipitridae,0.0,0.0,0.0,0.0,0.0,0.0,0.0,0.0,0.0,1.0,0.0,3.0,0.0,0.0,0.0,4.0,0.0,2.0,2.0,4.0,1.0,10.0,1.0,7.0,0.0,15.0,5.0,12.0,3.0,35.0,4.0,46.0,28.0,61.0,25.0,80.0,54.0,111.0,85.0,192.0
0,Calidris canutus,Scolopacidae,0.0,0.0,0.0,0.0,0.0,0.0,0.0,1.0,0.0,0.0,0.0,0.0,0.0,0.0,0.0,0.0,0.0,0.0,0.0,0.0,0.0,87.0,0.0,1.0,0.0,1.0,0.0,0.0,0.0,160.0,0.0,0.0,0.0,40.0,0.0,41.0,0.0,15.0,0.0,99.0
0,Sterna hirundo,Laridae,0.0,0.0,0.0,0.0,0.0,0.0,0.0,0.0,0.0,10.0,0.0,1.0,0.0,0.0,0.0,0.0,0.0,17.0,0.0,0.0,0.0,18.0,0.0,0.0,0.0,1.0,0.0,0.0,0.0,22.0,0.0,45.0,0.0,12.0,0.0,24.0,30.0,55.0,0.0,101.0
0,Streptopelia decaocto,Columbidae,0.0,0.0,0.0,0.0,0.0,0.0,0.0,0.0,0.0,0.0,0.0,0.0,0.0,0.0,0.0,0.0,0.0,0.0,0.0,0.0,0.0,0.0,0.0,0.0,0.0,0.0,0.0,0.0,0.0,0.0,0.0,0.0,0.0,0.0,0.0,0.0,0.0,0.0,0.0,0.0
0,Riparia riparia,Hirundinidae,0.0,0.0,0.0,1.0,0.0,0.0,0.0,0.0,0.0,0.0,0.0,2.0,0.0,0.0,0.0,0.0,0.0,1.0,0.0,4.0,0.0,0.0,0.0,0.0,0.0,7.0,0.0,21.0,0.0,217.0,0.0,80.0,0.0,2.0,0.0,65.0,18.0,53.0,31.0,106.0
0,Stercorarius parasiticus,Stercorariidae,0.0,0.0,0.0,0.0,0.0,0.0,0.0,0.0,0.0,0.0,0.0,13.0,0.0,4.0,0.0,0.0,0.0,0.0,0.0,0.0,0.0,0.0,0.0,0.0,0.0,0.0,0.0,0.0,0.0,7.0,2.0,2.0,0.0,1.0,0.0,5.0,0.0,12.0,0.0,9.0
0,Pitangus sulphuratus,Tyrannidae,0.0,0.0,0.0,4.0,0.0,30.0,0.0,15.0,10.0,10.0,6.0,22.0,3.0,7.0,2.0,7.0,0.0,11.0,1.0,16.0,22.0,40.0,0.0,15.0,37.0,131.0,48.0,107.0,32.0,217.0,80.0,351.0,395.0,761.0,411.0,1045.0,627.0,1684.0,981.0,2457.0
0,Meleagris gallopavo,Phasianidae,0.0,0.0,0.0,0.0,0.0,0.0,0.0,0.0,0.0,0.0,0.0,0.0,0.0,0.0,0.0,0.0,0.0,0.0,0.0,0.0,0.0,0.0,0.0,0.0,0.0,0.0,0.0,0.0,0.0,0.0,0.0,0.0,0.0,0.0,0.0,0.0,0.0,0.0,0.0,0.0
0,Patagioenas fasciata,Columbidae,0.0,100.0,0.0,8.0,0.0,6.0,0.0,7.0,0.0,35.0,0.0,9.0,0.0,40.0,0.0,14.0,0.0,11.0,0.0,15.0,0.0,52.0,0.0,3.0,0.0,55.0,0.0,30.0,0.0,54.0,0.0,43.0,0.0,31.0,0.0,73.0,0.0,261.0,0.0,173.0
0,Limosa haemastica,Scolopacidae,0.0,1.0,0.0,0.0,0.0,197.0,0.0,2.0,0.0,2.0,0.0,0.0,0.0,250.0,0.0,80.0,0.0,4.0,0.0,1363.0,0.0,1027.0,5.0,8.0,0.0,92.0,0.0,73.0,3.0,34.0,9.0,46.0,0.0,1520.0,0.0,557.0,3.0,394.0,1.0,1553.0
0,Calidris alba,Scolopacidae,0.0,0.0,0.0,0.0,0.0,0.0,0.0,106.0,0.0,431.0,0.0,30.0,0.0,0.0,0.0,300.0,0.0,4.0,0.0,59.0,0.0,498.0,0.0,963.0,0.0,465.0,0.0,614.0,0.0,391.0,0.0,205.0,0.0,488.0,0.0,89.0,1.0,1275.0,0.0,2225.0
0,Catharus ustulatus,Turdidae,0.0,0.0,0.0,0.0,0.0,0.0,0.0,0.0,0.0,0.0,0.0,0.0,0.0,1.0,0.0,2.0,0.0,12.0,0.0,7.0,0.0,9.0,0.0,4.0,0.0,2.0,0.0,69.0,0.0,41.0,0.0,13.0,2.0,26.0,0.0,22.0,0.0,134.0,0.0,92.0
0,Chlidonias niger,Laridae,0.0,0.0,0.0,0.0,0.0,3.0,0.0,0.0,0.0,0.0,0.0,0.0,0.0,0.0,0.0,1.0,0.0,0.0,0.0,0.0,0.0,0.0,0.0,0.0,0.0,0.0,0.0,0.0,0.0,0.0,0.0,1.0,0.0,0.0,0.0,0.0,0.0,0.0,0.0,0.0
0,Pandion haliaetus,Pandionidae,0.0,4.0,0.0,2.0,1.0,9.0,0.0,1.0,1.0,3.0,0.0,1.0,0.0,3.0,0.0,2.0,0.0,1.0,1.0,1.0,0.0,5.0,0.0,0.0,0.0,7.0,1.0,6.0,3.0,12.0,0.0,6.0,0.0,12.0,0.0,17.0,0.0,25.0,3.0,35.0
0,Numenius arquata,Scolopacidae,0.0,0.0,0.0,0.0,0.0,0.0,0.0,0.0,0.0,0.0,0.0,0.0,0.0,0.0,0.0,0.0,0.0,0.0,0.0,0.0,0.0,0.0,0.0,0.0,0.0,0.0,0.0,0.0,0.0,0.0,0.0,0.0,0.0,0.0,0.0,0.0,0.0,0.0,0.0,0.0
0,Xenus cinereus,Scolopacidae,0.0,0.0,0.0,0.0,0.0,0.0,0.0,0.0,0.0,0.0,0.0,0.0,0.0,0.0,0.0,0.0,0.0,0.0,0.0,0.0,0.0,0.0,0.0,0.0,0.0,0.0,0.0,0.0,0.0,0.0,0.0,0.0,0.0,0.0,0.0,0.0,0.0,0.0,0.0,0.0
0,Pluvialis squatarola,Charadriidae,3.0,3.0,0.0,0.0,0.0,0.0,0.0,0.0,0.0,0.0,0.0,150.0,0.0,0.0,0.0,0.0,0.0,5.0,0.0,325.0,0.0,410.0,0.0,21.0,0.0,243.0,0.0,0.0,0.0,43.0,0.0,68.0,0.0,296.0,0.0,43.0,0.0,141.0,0.0,1048.0
0,Tringa flavipes,Scolopacidae,0.0,28.0,0.0,10.0,0.0,5.0,1.0,48.0,18.0,45.0,0.0,83.0,0.0,20.0,0.0,35.0,0.0,29.0,30.0,46.0,0.0,73.0,6.0,50.0,4.0,76.0,42.0,122.0,856.0,1337.0,10.0,150.0,15.0,263.0,9.0,192.0,218.0,616.0,208.0,1030.0
0,Platalea ajaja,Threskiornithidae,0.0,0.0,0.0,0.0,0.0,0.0,0.0,0.0,0.0,0.0,0.0,5.0,0.0,3.0,0.0,8.0,0.0,3.0,2.0,2.0,3.0,5.0,0.0,0.0,0.0,21.0,0.0,118.0,0.0,7.0,9.0,65.0,2.0,72.0,32.0,156.0,29.0,121.0,132.0,279.0
0,Pyrocephalus rubinus,Tyrannidae,0.0,0.0,0.0,16.0,0.0,0.0,0.0,0.0,1.0,1.0,0.0,3.0,4.0,12.0,0.0,5.0,0.0,23.0,6.0,7.0,1.0,3.0,1.0,15.0,1.0,14.0,3.0,52.0,8.0,47.0,13.0,71.0,11.0,160.0,28.0,168.0,29.0,213.0,51.0,215.0
0,Lophura nycthemera,Phasianidae,0.0,0.0,0.0,0.0,0.0,0.0,0.0,0.0,0.0,0.0,0.0,0.0,0.0,0.0,0.0,0.0,0.0,0.0,0.0,0.0,0.0,0.0,0.0,0.0,0.0,0.0,0.0,0.0,0.0,0.0,0.0,0.0,0.0,0.0,0.0,0.0,0.0,0.0,0.0,0.0
0,Gelochelidon nilotica,Laridae,0.0,0.0,0.0,0.0,0.0,0.0,0.0,0.0,0.0,0.0,0.0,0.0,0.0,1.0,0.0,0.0,0.0,0.0,0.0,8.0,0.0,0.0,0.0,0.0,0.0,0.0,0.0,0.0,0.0,2.0,12.0,14.0,0.0,90.0,0.0,143.0,3.0,32.0,0.0,70.0
0,Ardea alba,Ardeidae,0.0,100.0,0.0,68.0,0.0,43.0,0.0,114.0,20.0,59.0,0.0,13.0,32.0,50.0,0.0,9.0,1.0,8.0,25.0,85.0,105.0,228.0,2.0,91.0,6.0,152.0,17.0,274.0,28.0,545.0,70.0,703.0,283.0,712.0,82.0,1241.0,198.0,1312.0,253.0,1560.0
0,Ictinia mississippiensis,Accipitridae,0.0,0.0,0.0,0.0,0.0,0.0,0.0,0.0,0.0,0.0,100.0,100.0,0.0,0.0,0.0,0.0,0.0,0.0,0.0,0.0,0.0,0.0,0.0,0.0,0.0,0.0,0.0,0.0,0.0,0.0,0.0,0.0,1.0,1.0,0.0,0.0,0.0,8.0,0.0,0.0
0,Sternula antillarum,Laridae,0.0,0.0,0.0,0.0,0.0,0.0,0.0,0.0,0.0,0.0,0.0,0.0,0.0,0.0,0.0,0.0,0.0,0.0,0.0,0.0,0.0,0.0,0.0,0.0,0.0,0.0,0.0,0.0,0.0,0.0,0.0,0.0,0.0,1.0,0.0,0.0,0.0,1.0,0.0,11.0
0,Elaenia parvirostris,Tyrannidae,0.0,0.0,0.0,0.0,0.0,0.0,0.0,1.0,0.0,0.0,0.0,1.0,20.0,20.0,0.0,0.0,0.0,10.0,1.0,1.0,2.0,2.0,0.0,0.0,0.0,6.0,1.0,3.0,11.0,12.0,8.0,14.0,22.0,57.0,21.0,60.0,55.0,99.0,32.0,136.0
0,Anas bahamensis,Anatidae,0.0,3.0,0.0,0.0,0.0,0.0,0.0,47.0,0.0,54.0,0.0,100.0,0.0,172.0,0.0,29.0,0.0,35.0,0.0,6.0,2.0,554.0,8.0,86.0,0.0,76.0,0.0,109.0,0.0,103.0,82.0,169.0,5.0,246.0,12.0,332.0,40.0,581.0,163.0,743.0
0,Numenius phaeopus,Scolopacidae,0.0,34.0,0.0,0.0,0.0,23.0,0.0,388.0,0.0,3.0,0.0,51.0,0.0,275.0,0.0,130.0,0.0,51.0,0.0,1148.0,0.0,1366.0,0.0,1464.0,0.0,917.0,0.0,273.0,0.0,572.0,0.0,277.0,0.0,1494.0,0.0,492.0,0.0,858.0,0.0,623.0
0,Stercorarius longicaudus,Stercorariidae,0.0,0.0,0.0,0.0,0.0,0.0,0.0,0.0,0.0,0.0,0.0,0.0,0.0,0.0,0.0,0.0,0.0,0.0,0.0,0.0,0.0,0.0,0.0,0.0,0.0,0.0,0.0,0.0,0.0,0.0,0.0,0.0,0.0,2.0,0.0,0.0,0.0,0.0,0.0,0.0
0,Limnodromus griseus,Scolopacidae,0.0,0.0,0.0,0.0,0.0,11.0,0.0,0.0,0.0,0.0,0.0,0.0,0.0,100.0,0.0,7.0,0.0,43.0,0.0,241.0,0.0,3.0,0.0,0.0,0.0,0.0,0.0,10.0,0.0,213.0,0.0,0.0,0.0,409.0,0.0,132.0,0.0,15.0,0.0,847.0
0,Carduelis carduelis,Fringillidae,0.0,0.0,0.0,0.0,0.0,0.0,0.0,0.0,0.0,0.0,0.0,0.0,0.0,0.0,0.0,0.0,0.0,0.0,0.0,0.0,0.0,0.0,1.0,1.0,0.0,0.0,0.0,0.0,0.0,0.0,0.0,0.0,2.0,8.0,2.0,4.0,0.0,8.0,2.0,14.0
0,Tringa solitaria,Scolopacidae,0.0,0.0,0.0,5.0,0.0,0.0,0.0,0.0,0.0,0.0,0.0,0.0,0.0,0.0,2.0,3.0,0.0,1.0,0.0,2.0,0.0,0.0,0.0,4.0,0.0,7.0,0.0,16.0,0.0,6.0,8.0,22.0,5.0,15.0,10.0,18.0,4.0,29.0,14.0,38.0
0,Oceanites oceanicus,Hydrobatidae,0.0,0.0,0.0,310.0,0.0,0.0,0.0,103.0,0.0,0.0,0.0,0.0,0.0,0.0,0.0,5.0,0.0,0.0,0.0,15.0,0.0,0.0,0.0,0.0,0.0,7.0,0.0,90.0,0.0,69.0,0.0,38.0,0.0,684.0,0.0,120.0,0.0,646.0,0.0,600.0
0,Numida meleagris,Numididae,0.0,0.0,0.0,0.0,0.0,0.0,0.0,0.0,0.0,0.0,0.0,0.0,0.0,0.0,0.0,0.0,0.0,0.0,0.0,0.0,0.0,0.0,0.0,0.0,0.0,0.0,0.0,0.0,0.0,0.0,0.0,0.0,0.0,0.0,0.0,0.0,0.0,0.0,0.0,0.0
0,Coragyps atratus,Cathartidae,0.0,0.0,0.0,27.0,0.0,34.0,0.0,281.0,0.0,21.0,0.0,14.0,0.0,115.0,0.0,126.0,0.0,126.0,2.0,116.0,0.0,275.0,12.0,292.0,0.0,480.0,0.0,902.0,38.0,614.0,22.0,981.0,32.0,1580.0,112.0,2906.0,204.0,3228.0,123.0,4754.0
0,Asio flammeus,Strigidae,0.0,0.0,0.0,0.0,0.0,0.0,4.0,6.0,0.0,0.0,0.0,0.0,0.0,0.0,0.0,1.0,0.0,1.0,0.0,0.0,1.0,4.0,0.0,2.0,0.0,3.0,0.0,0.0,0.0,1.0,1.0,3.0,1.0,14.0,2.0,10.0,0.0,13.0,0.0,15.0
0,Setophaga striata,Parulidae,0.0,1.0,0.0,0.0,0.0,0.0,0.0,0.0,0.0,3.0,0.0,0.0,0.0,2.0,0.0,0.0,0.0,0.0,0.0,1.0,0.0,1.0,0.0,0.0,0.0,1.0,0.0,1.0,0.0,0.0,0.0,0.0,0.0,3.0,0.0,0.0,0.0,0.0,0.0,1.0
0,Falco peregrinus,Falconidae,0.0,0.0,0.0,2.0,0.0,1.0,0.0,1.0,0.0,0.0,0.0,2.0,0.0,1.0,0.0,2.0,0.0,3.0,0.0,6.0,0.0,7.0,0.0,5.0,0.0,6.0,2.0,4.0,2.0,9.0,3.0,8.0,3.0,16.0,3.0,20.0,2.0,30.0,11.0,28.0
0,Thalasseus sandvicensis,Laridae,0.0,0.0,0.0,6.0,0.0,0.0,0.0,0.0,0.0,1.0,0.0,0.0,30.0,33.0,0.0,0.0,13.0,13.0,0.0,5.0,0.0,13.0,0.0,2.0,0.0,0.0,0.0,13.0,0.0,1.0,0.0,44.0,0.0,59.0,0.0,116.0,320.0,476.0,6.0,151.0
0,Tyrannus melancholicus,Tyrannidae,0.0,10.0,0.0,8.0,0.0,16.0,0.0,24.0,0.0,16.0,0.0,33.0,0.0,23.0,3.0,41.0,3.0,26.0,0.0,36.0,0.0,54.0,0.0,33.0,0.0,75.0,7.0,110.0,11.0,171.0,59.0,374.0,56.0,413.0,102.0,552.0,124.0,824.0,109.0,1083.0
0,Accipiter striatus,Accipitridae,0.0,0.0,0.0,0.0,0.0,0.0,0.0,0.0,0.0,0.0,0.0,0.0,0.0,0.0,0.0,0.0,0.0,3.0,2.0,2.0,0.0,0.0,0.0,0.0,1.0,1.0,2.0,6.0,0.0,3.0,1.0,7.0,0.0,8.0,2.0,7.0,2.0,16.0,3.0,20.0
0,Sturnus vulgaris,Sturnidae,0.0,0.0,4.0,4.0,0.0,0.0,0.0,0.0,0.0,0.0,0.0,0.0,0.0,0.0,0.0,0.0,0.0,0.0,5.0,5.0,10.0,10.0,2.0,2.0,10.0,10.0,0.0,0.0,5.0,32.0,30.0,100.0,114.0,218.0,507.0,833.0,579.0,583.0,506.0,737.0
0,Dendrocygna autumnalis,Anatidae,0.0,0.0,0.0,0.0,0.0,0.0,0.0,0.0,0.0,0.0,7.0,8.0,0.0,0.0,0.0,0.0,0.0,0.0,0.0,0.0,0.0,7.0,0.0,0.0,4.0,17.0,0.0,20.0,0.0,41.0,0.0,26.0,21.0,253.0,20.0,424.0,4.0,170.0,45.0,204.0
0,Bubo virginianus,Strigidae,0.0,0.0,0.0,5.0,0.0,1.0,0.0,2.0,0.0,0.0,0.0,1.0,0.0,0.0,0.0,0.0,3.0,4.0,0.0,0.0,0.0,3.0,0.0,1.0,1.0,6.0,0.0,5.0,0.0,8.0,3.0,8.0,5.0,20.0,2.0,13.0,7.0,24.0,2.0,20.0
0,Cairina moschata,Anatidae,0.0,1.0,0.0,13.0,12.0,13.0,0.0,6.0,0.0,0.0,0.0,0.0,0.0,5.0,0.0,1.0,0.0,0.0,0.0,0.0,1.0,32.0,0.0,0.0,0.0,20.0,0.0,14.0,1.0,37.0,3.0,26.0,0.0,28.0,0.0,50.0,1.0,186.0,17.0,132.0
0,Pavo cristatus,Phasianidae,0.0,0.0,0.0,0.0,0.0,0.0,0.0,0.0,0.0,0.0,0.0,0.0,0.0,0.0,0.0,0.0,0.0,0.0,0.0,0.0,0.0,0.0,0.0,0.0,0.0,0.0,0.0,0.0,0.0,0.0,0.0,0.0,0.0,0.0,0.0,0.0,0.0,0.0,0.0,0.0
0,Ixobrychus exilis,Ardeidae,0.0,0.0,0.0,1.0,0.0,0.0,0.0,0.0,0.0,0.0,0.0,0.0,0.0,0.0,0.0,1.0,0.0,1.0,1.0,2.0,0.0,0.0,0.0,0.0,0.0,1.0,0.0,0.0,0.0,1.0,0.0,0.0,0.0,5.0,0.0,5.0,1.0,3.0,0.0,12.0
0,Buteo platypterus,Accipitridae,0.0,0.0,0.0,0.0,0.0,0.0,0.0,0.0,0.0,0.0,0.0,0.0,0.0,0.0,0.0,0.0,0.0,0.0,0.0,0.0,0.0,0.0,0.0,1.0,0.0,3.0,0.0,1.0,0.0,5.0,0.0,1.0,0.0,5.0,0.0,2.0,0.0,0.0,0.0,13.0
0,Calidris himantopus,Scolopacidae,0.0,0.0,0.0,0.0,0.0,0.0,0.0,22.0,70.0,71.0,0.0,0.0,0.0,0.0,0.0,0.0,0.0,30.0,0.0,1.0,7.0,15.0,0.0,20.0,0.0,0.0,0.0,0.0,0.0,1.0,0.0,0.0,2.0,4.0,0.0,20.0,46.0,218.0,5.0,69.0
0,Empidonomus varius,Tyrannidae,0.0,0.0,0.0,0.0,0.0,0.0,5.0,5.0,0.0,0.0,0.0,0.0,0.0,0.0,0.0,2.0,0.0,3.0,0.0,0.0,0.0,0.0,3.0,9.0,0.0,2.0,0.0,4.0,1.0,3.0,3.0,21.0,4.0,30.0,2.0,51.0,2.0,56.0,5.0,104.0
0,Empidonax alnorum,Tyrannidae,0.0,0.0,0.0,0.0,0.0,0.0,0.0,0.0,0.0,0.0,0.0,0.0,0.0,0.0,0.0,0.0,0.0,0.0,0.0,0.0,0.0,0.0,0.0,0.0,0.0,0.0,0.0,0.0,0.0,0.0,0.0,0.0,0.0,1.0,0.0,3.0,0.0,0.0,0.0,0.0
0,Psittacula krameri,Psittacidae,0.0,0.0,0.0,0.0,0.0,0.0,0.0,0.0,0.0,0.0,0.0,0.0,0.0,0.0,0.0,0.0,0.0,0.0,0.0,0.0,0.0,0.0,0.0,0.0,0.0,0.0,0.0,0.0,0.0,0.0,0.0,0.0,0.0,0.0,0.0,0.0,0.0,0.0,0.0,0.0
0,Cathartes aura,Cathartidae,0.0,0.0,0.0,12.0,0.0,23.0,0.0,17.0,0.0,3.0,0.0,44.0,0.0,7.0,1.0,83.0,20.0,172.0,0.0,121.0,1.0,120.0,22.0,149.0,2.0,191.0,0.0,296.0,2.0,427.0,2.0,483.0,25.0,798.0,62.0,899.0,54.0,1212.0,94.0,1321.0
0,Myiopsitta monachus,Psittacidae,0.0,0.0,30.0,34.0,30.0,38.0,3.0,13.0,0.0,35.0,64.0,99.0,0.0,5.0,2.0,2.0,0.0,119.0,64.0,67.0,0.0,62.0,10.0,35.0,8.0,89.0,51.0,77.0,130.0,516.0,460.0,779.0,808.0,1159.0,896.0,1420.0,1750.0,2706.0,2510.0,3520.0
0,Falco sparverius,Falconidae,0.0,1.0,0.0,8.0,0.0,6.0,0.0,3.0,3.0,10.0,0.0,6.0,2.0,14.0,2.0,9.0,1.0,18.0,0.0,28.0,0.0,12.0,1.0,19.0,1.0,45.0,2.0,45.0,2.0,76.0,15.0,81.0,22.0,152.0,37.0,181.0,37.0,285.0,60.0,309.0
0,Nycticorax nycticorax,Ardeidae,0.0,43.0,0.0,0.0,0.0,37.0,7.0,58.0,3.0,4.0,0.0,9.0,0.0,8.0,2.0,25.0,0.0,47.0,0.0,35.0,3.0,38.0,20.0,59.0,0.0,52.0,7.0,68.0,5.0,41.0,13.0,112.0,121.0,317.0,33.0,210.0,142.0,465.0,188.0,522.0
0,Chloris chloris,Fringillidae,0.0,0.0,0.0,0.0,0.0,0.0,0.0,0.0,0.0,0.0,0.0,0.0,0.0,0.0,0.0,0.0,0.0,0.0,0.0,0.0,0.0,0.0,0.0,0.0,0.0,0.0,0.0,0.0,0.0,0.0,0.0,0.0,2.0,2.0,5.0,5.0,1.0,1.0,0.0,5.0
0,Egretta caerulea,Ardeidae,0.0,3.0,0.0,3.0,0.0,1.0,0.0,2.0,0.0,5.0,0.0,4.0,0.0,1.0,0.0,4.0,0.0,9.0,0.0,11.0,0.0,24.0,0.0,13.0,0.0,14.0,0.0,28.0,0.0,40.0,0.0,30.0,1.0,86.0,0.0,130.0,0.0,198.0,0.0,141.0
0,Anhinga anhinga,Anhingidae,0.0,1.0,0.0,0.0,0.0,0.0,0.0,1.0,0.0,5.0,0.0,0.0,0.0,0.0,1.0,2.0,30.0,34.0,0.0,6.0,0.0,5.0,0.0,4.0,0.0,17.0,1.0,7.0,2.0,29.0,8.0,99.0,9.0,76.0,9.0,121.0,10.0,111.0,6.0,115.0
0,Tyrannus savana,Tyrannidae,0.0,2.0,0.0,0.0,23.0,23.0,50.0,251.0,0.0,2.0,1.0,14.0,0.0,1.0,1.0,3.0,1.0,6.0,2.0,23.0,3.0,4.0,6.0,8.0,2.0,11.0,2.0,6.0,13.0,30.0,58.0,237.0,181.0,335.0,163.0,325.0,129.0,260.0,309.0,562.0
0,Sterna paradisaea,Laridae,0.0,0.0,0.0,0.0,0.0,6.0,0.0,0.0,0.0,0.0,0.0,0.0,0.0,0.0,0.0,0.0,0.0,0.0,0.0,1.0,0.0,0.0,0.0,0.0,0.0,0.0,0.0,2.0,0.0,0.0,0.0,0.0,0.0,0.0,0.0,0.0,0.0,1.0,0.0,0.0
0,Stercorarius pomarinus,Stercorariidae,0.0,0.0,0.0,0.0,0.0,0.0,0.0,0.0,0.0,0.0,0.0,0.0,0.0,0.0,0.0,0.0,0.0,0.0,0.0,0.0,0.0,1.0,0.0,0.0,0.0,6.0,0.0,0.0,0.0,0.0,0.0,0.0,0.0,1.0,0.0,0.0,0.0,2.0,0.0,0.0
0,Calidris ferruginea,Scolopacidae,0.0,0.0,0.0,0.0,0.0,0.0,0.0,0.0,0.0,0.0,0.0,0.0,0.0,0.0,0.0,0.0,0.0,0.0,0.0,0.0,0.0,0.0,0.0,0.0,0.0,0.0,0.0,0.0,0.0,0.0,0.0,0.0,0.0,0.0,0.0,0.0,0.0,0.0,0.0,0.0
0,Calidris bairdii,Scolopacidae,0.0,4.0,0.0,0.0,0.0,0.0,0.0,50.0,5.0,30.0,0.0,102.0,3.0,23.0,0.0,44.0,0.0,1.0,1.0,303.0,0.0,250.0,0.0,309.0,0.0,38.0,0.0,72.0,283.0,588.0,5.0,115.0,35.0,340.0,15.0,414.0,75.0,458.0,11.0,959.0
0,Tadorna ferruginea,Anatidae,0.0,0.0,0.0,0.0,0.0,0.0,0.0,0.0,0.0,0.0,0.0,0.0,0.0,0.0,0.0,0.0,0.0,0.0,0.0,0.0,0.0,0.0,0.0,0.0,0.0,0.0,0.0,0.0,0.0,0.0,0.0,0.0,0.0,0.0,0.0,0.0,0.0,0.0,0.0,0.0
0,Xema sabini,Laridae,0.0,0.0,0.0,0.0,0.0,1.0,0.0,0.0,0.0,1.0,0.0,0.0,0.0,0.0,0.0,0.0,0.0,0.0,0.0,0.0,0.0,0.0,0.0,0.0,0.0,0.0,0.0,0.0,0.0,0.0,0.0,0.0,0.0,0.0,0.0,17.0,0.0,1.0,0.0,0.0
0,Phoenicopterus chilensis,Phoenicopteridae,0.0,1.0,0.0,220.0,0.0,2.0,0.0,6.0,0.0,8.0,0.0,8.0,0.0,102.0,0.0,263.0,23.0,54.0,0.0,6.0,0.0,515.0,0.0,29.0,0.0,74.0,0.0,105.0,60.0,1232.0,456.0,899.0,67.0,1274.0,270.0,1218.0,158.0,1943.0,68.0,2275.0
0,Phalaropus fulicarius,Scolopacidae,0.0,1.0,0.0,0.0,0.0,20.0,0.0,0.0,0.0,0.0,0.0,0.0,0.0,0.0,0.0,0.0,0.0,11.0,0.0,5.0,0.0,21.0,0.0,10.0,0.0,0.0,0.0,0.0,0.0,0.0,0.0,0.0,0.0,37.0,0.0,2.0,0.0,66.0,0.0,15.0
0,Calidris fuscicollis,Scolopacidae,101.0,105.0,0.0,0.0,0.0,0.0,0.0,0.0,0.0,0.0,0.0,0.0,1.0,1.0,0.0,600.0,45.0,45.0,16.0,272.0,3.0,3.0,6.0,130.0,5.0,280.0,0.0,4.0,0.0,590.0,9.0,27.0,312.0,470.0,22.0,1386.0,31.0,796.0,150.0,1511.0
0,Leucophaeus atricilla,Laridae,0.0,0.0,0.0,0.0,0.0,0.0,0.0,0.0,0.0,0.0,0.0,0.0,0.0,0.0,0.0,8.0,0.0,0.0,0.0,0.0,0.0,0.0,0.0,0.0,0.0,0.0,0.0,7.0,0.0,1.0,0.0,27.0,0.0,43.0,0.0,16.0,0.0,21.0,0.0,20.0
0,Phalaropus tricolor,Scolopacidae,0.0,0.0,0.0,0.0,0.0,620.0,0.0,4.0,0.0,0.0,0.0,14.0,0.0,0.0,0.0,14.0,0.0,0.0,0.0,236.0,0.0,46.0,0.0,4.0,0.0,515.0,120.0,151.0,3.0,32.0,0.0,20.0,0.0,307.0,0.0,227.0,581.0,840.0,47.0,1316.0
0,Actitis macularius,Scolopacidae,0.0,0.0,0.0,0.0,0.0,9.0,0.0,6.0,0.0,4.0,0.0,6.0,0.0,6.0,0.0,4.0,0.0,7.0,0.0,9.0,0.0,14.0,0.0,32.0,0.0,20.0,0.0,15.0,0.0,33.0,0.0,45.0,0.0,85.0,0.0,47.0,0.0,281.0,8.0,200.0
0,Serinus canaria,Fringillidae,0.0,0.0,0.0,0.0,0.0,0.0,0.0,0.0,0.0,0.0,0.0,0.0,0.0,0.0,0.0,0.0,0.0,0.0,0.0,0.0,0.0,0.0,0.0,0.0,0.0,0.0,0.0,0.0,0.0,0.0,0.0,0.0,0.0,0.0,0.0,0.0,0.0,0.0,0.0,0.0
0,Calidris pusilla,Scolopacidae,0.0,16.0,0.0,0.0,0.0,0.0,0.0,0.0,0.0,0.0,0.0,0.0,0.0,0.0,0.0,0.0,0.0,21.0,0.0,0.0,0.0,201.0,0.0,2.0,0.0,812.0,0.0,31.0,0.0,225.0,0.0,70.0,0.0,349.0,0.0,652.0,0.0,416.0,0.0,243.0
0,Calonectris diomedea,Procellariidae,0.0,0.0,0.0,0.0,0.0,0.0,0.0,0.0,0.0,0.0,0.0,0.0,0.0,0.0,0.0,0.0,0.0,0.0,0.0,0.0,0.0,0.0,0.0,0.0,0.0,0.0,0.0,0.0,0.0,0.0,0.0,0.0,0.0,0.0,0.0,6.0,0.0,3.0,0.0,0.0
0,Contopus virens,Tyrannidae,0.0,0.0,0.0,0.0,0.0,1.0,0.0,0.0,0.0,0.0,0.0,0.0,0.0,2.0,0.0,2.0,0.0,0.0,0.0,0.0,0.0,6.0,0.0,0.0,0.0,0.0,0.0,0.0,0.0,1.0,0.0,5.0,0.0,2.0,0.0,2.0,0.0,5.0,0.0,9.0
0,Mycteria americana,Ciconiidae,0.0,100.0,0.0,60.0,0.0,0.0,1.0,90.0,1.0,1.0,0.0,0.0,0.0,0.0,23.0,28.0,0.0,0.0,0.0,20.0,0.0,22.0,0.0,43.0,0.0,22.0,0.0,5.0,0.0,88.0,35.0,202.0,126.0,428.0,93.0,711.0,9.0,303.0,58.0,776.0
0,Porphyrio martinica,Rallidae,0.0,12.0,0.0,0.0,0.0,0.0,0.0,2.0,0.0,0.0,0.0,1.0,0.0,1.0,0.0,0.0,0.0,2.0,0.0,5.0,0.0,28.0,0.0,3.0,2.0,14.0,0.0,3.0,1.0,5.0,0.0,16.0,0.0,17.0,2.0,22.0,2.0,41.0,23.0,106.0
0,Thalasseus maximus,Laridae,0.0,0.0,0.0,0.0,0.0,0.0,0.0,0.0,0.0,0.0,0.0,0.0,0.0,0.0,0.0,0.0,0.0,0.0,0.0,2.0,0.0,2.0,0.0,0.0,0.0,4.0,0.0,35.0,0.0,82.0,5.0,114.0,0.0,36.0,7.0,120.0,45.0,319.0,3.0,112.0
0,Piranga olivacea,Cardinalidae,0.0,0.0,0.0,0.0,0.0,0.0,0.0,0.0,0.0,0.0,0.0,0.0,0.0,0.0,0.0,0.0,0.0,0.0,0.0,0.0,0.0,0.0,0.0,0.0,0.0,2.0,0.0,0.0,0.0,0.0,0.0,1.0,0.0,6.0,0.0,6.0,0.0,2.0,0.0,26.0
0,Callipepla californica,Odontophoridae,0.0,0.0,0.0,0.0,0.0,0.0,0.0,0.0,0.0,0.0,0.0,31.0,0.0,0.0,0.0,4.0,0.0,0.0,0.0,26.0,0.0,41.0,0.0,26.0,0.0,32.0,0.0,157.0,0.0,133.0,0.0,159.0,0.0,123.0,0.0,210.0,0.0,211.0,0.0,297.0
0,Tringa semipalmata,Scolopacidae,0.0,0.0,0.0,0.0,0.0,0.0,0.0,180.0,0.0,0.0,0.0,46.0,0.0,1.0,0.0,6.0,0.0,4.0,0.0,5.0,0.0,26.0,0.0,80.0,0.0,6.0,0.0,1.0,0.0,9.0,0.0,9.0,0.0,98.0,0.0,29.0,0.0,61.0,0.0,9.0
0,Catharus fuscescens,Turdidae,0.0,0.0,0.0,0.0,0.0,0.0,0.0,0.0,0.0,0.0,0.0,0.0,0.0,0.0,0.0,0.0,0.0,0.0,0.0,0.0,0.0,0.0,0.0,0.0,0.0,0.0,0.0,0.0,0.0,2.0,0.0,0.0,0.0,0.0,0.0,0.0,0.0,0.0,0.0,0.0
0,Coccyzus americanus,Cuculidae,0.0,0.0,0.0,0.0,0.0,0.0,0.0,0.0,0.0,0.0,0.0,0.0,0.0,0.0,0.0,0.0,0.0,0.0,0.0,0.0,0.0,0.0,0.0,0.0,0.0,0.0,0.0,0.0,0.0,0.0,0.0,0.0,0.0,0.0,0.0,1.0,0.0,0.0,0.0,1.0
0,Dolichonyx oryzivorus,Icteridae,0.0,0.0,0.0,0.0,0.0,0.0,0.0,0.0,0.0,1.0,0.0,0.0,0.0,0.0,0.0,0.0,0.0,0.0,0.0,0.0,0.0,0.0,0.0,0.0,0.0,0.0,0.0,0.0,0.0,0.0,0.0,0.0,14.0,14.0,0.0,0.0,52.0,52.0,500.0,503.0
0,Nyctanassa violacea,Ardeidae,0.0,0.0,0.0,0.0,0.0,0.0,0.0,0.0,0.0,0.0,0.0,22.0,0.0,0.0,0.0,0.0,0.0,0.0,0.0,0.0,0.0,7.0,0.0,2.0,0.0,6.0,0.0,1.0,0.0,40.0,0.0,15.0,0.0,19.0,0.0,57.0,0.0,29.0,0.0,275.0
0,Himantopus mexicanus,Recurvirostridae,12.0,154.0,0.0,177.0,50.0,192.0,0.0,1007.0,638.0,695.0,35.0,1438.0,1.0,92.0,25.0,845.0,0.0,44.0,5.0,814.0,186.0,453.0,204.0,660.0,0.0,477.0,32.0,1479.0,49.0,662.0,29.0,591.0,611.0,1597.0,72.0,1960.0,578.0,2756.0,288.0,2887.0
0,Leucophaeus pipixcan,Laridae,0.0,0.0,0.0,0.0,0.0,33.0,0.0,389.0,0.0,0.0,0.0,503.0,0.0,184.0,0.0,0.0,0.0,1.0,0.0,50.0,0.0,807.0,0.0,76.0,0.0,1606.0,0.0,600.0,0.0,834.0,0.0,208.0,0.0,1013.0,0.0,2109.0,0.0,2055.0,0.0,2366.0
0,Tyrannus tyrannus,Tyrannidae,0.0,11.0,0.0,0.0,0.0,0.0,0.0,0.0,0.0,1.0,0.0,2.0,0.0,17.0,0.0,5.0,0.0,61.0,0.0,0.0,0.0,1.0,0.0,7.0,0.0,125.0,0.0,16.0,0.0,54.0,0.0,25.0,0.0,0.0,0.0,3.0,0.0,43.0,0.0,118.0
0,Elanoides forficatus,Accipitridae,0.0,0.0,0.0,3.0,0.0,1.0,0.0,5.0,0.0,2.0,0.0,1.0,0.0,1.0,0.0,9.0,0.0,5.0,0.0,3.0,0.0,14.0,0.0,16.0,0.0,3.0,0.0,59.0,1.0,26.0,0.0,114.0,0.0,96.0,0.0,58.0,0.0,85.0,4.0,263.0
0,Haematopus palliatus,Haematopodidae,0.0,10.0,0.0,2.0,0.0,24.0,0.0,161.0,0.0,2.0,0.0,0.0,0.0,83.0,0.0,3.0,0.0,240.0,0.0,54.0,0.0,286.0,0.0,536.0,0.0,208.0,0.0,155.0,0.0,262.0,0.0,923.0,0.0,596.0,0.0,580.0,7.0,808.0,21.0,1462.0
0,Fregata magnificens,Fregatidae,0.0,3.0,0.0,0.0,0.0,0.0,0.0,0.0,0.0,1.0,0.0,0.0,0.0,31.0,0.0,15.0,0.0,53.0,0.0,61.0,0.0,17.0,0.0,76.0,0.0,76.0,0.0,92.0,0.0,30.0,0.0,710.0,0.0,461.0,0.0,560.0,0.0,336.0,3.0,563.0
0,Caracara plancus,Falconidae,0.0,5.0,0.0,10.0,3.0,15.0,0.0,10.0,2.0,4.0,0.0,0.0,0.0,40.0,2.0,64.0,9.0,13.0,18.0,36.0,20.0,60.0,1.0,28.0,10.0,79.0,17.0,77.0,37.0,165.0,115.0,498.0,111.0,486.0,231.0,649.0,391.0,991.0,495.0,1446.0
0,Streptoprocne zonaris,Apodidae,0.0,29.0,8.0,128.0,40.0,140.0,0.0,65.0,0.0,4.0,0.0,20.0,0.0,13.0,0.0,50.0,0.0,55.0,0.0,0.0,0.0,109.0,0.0,47.0,0.0,571.0,0.0,60.0,0.0,313.0,0.0,806.0,3.0,321.0,20.0,465.0,4.0,2267.0,15.0,913.0
0,Molothrus bonariensis,Icteridae,0.0,1.0,0.0,1.0,0.0,0.0,0.0,0.0,0.0,1.0,0.0,20.0,15.0,15.0,0.0,33.0,0.0,83.0,13.0,24.0,30.0,60.0,0.0,51.0,18.0,126.0,30.0,205.0,58.0,206.0,543.0,851.0,328.0,700.0,551.0,1353.0,619.0,2335.0,2176.0,3637.0
0,Rynchops niger,Laridae,0.0,20.0,0.0,0.0,0.0,2.0,0.0,123.0,65.0,65.0,0.0,0.0,0.0,498.0,0.0,2.0,0.0,121.0,0.0,137.0,0.0,521.0,0.0,6.0,0.0,108.0,1.0,1171.0,0.0,241.0,173.0,590.0,5.0,902.0,31.0,800.0,50.0,1567.0,87.0,2979.0
0,Euplectes orix,Ploceidae,0.0,0.0,0.0,0.0,0.0,0.0,0.0,0.0,0.0,0.0,0.0,0.0,0.0,0.0,0.0,0.0,0.0,0.0,0.0,0.0,0.0,0.0,0.0,0.0,0.0,0.0,0.0,0.0,0.0,0.0,0.0,0.0,0.0,0.0,0.0,0.0,0.0,0.0,0.0,0.0
0,Larus dominicanus,Laridae,0.0,129.0,0.0,506.0,0.0,124.0,1.0,746.0,0.0,30.0,0.0,212.0,0.0,2.0,0.0,377.0,0.0,1056.0,0.0,1853.0,0.0,2203.0,1.0,1202.0,0.0,1424.0,43.0,3901.0,0.0,4514.0,47.0,3157.0,87.0,8594.0,225.0,9131.0,520.0,10819.0,388.0,11530.0
0,Chordeiles acutipennis,Caprimulgidae,0.0,0.0,0.0,0.0,0.0,0.0,0.0,0.0,0.0,0.0,0.0,0.0,0.0,0.0,0.0,2.0,0.0,0.0,0.0,0.0,0.0,2.0,0.0,0.0,0.0,0.0,0.0,3.0,0.0,0.0,0.0,0.0,0.0,0.0,0.0,15.0,0.0,5.0,0.0,61.0
0,Athene cunicularia,Strigidae,0.0,3.0,0.0,12.0,0.0,1.0,1.0,3.0,0.0,4.0,1.0,1.0,2.0,11.0,0.0,0.0,0.0,1.0,1.0,15.0,0.0,29.0,0.0,16.0,4.0,24.0,8.0,48.0,2.0,23.0,24.0,65.0,28.0,90.0,38.0,187.0,64.0,203.0,139.0,382.0
0,Estrilda astrild,Estrildidae,0.0,0.0,0.0,0.0,0.0,0.0,0.0,0.0,0.0,0.0,0.0,0.0,0.0,0.0,0.0,0.0,0.0,0.0,0.0,12.0,0.0,0.0,0.0,13.0,0.0,0.0,0.0,5.0,0.0,36.0,0.0,53.0,0.0,78.0,0.0,41.0,0.0,403.0,0.0,173.0
0,Buteo swainsoni,Accipitridae,0.0,0.0,0.0,0.0,0.0,0.0,0.0,0.0,0.0,0.0,0.0,0.0,0.0,0.0,0.0,0.0,0.0,0.0,0.0,0.0,0.0,0.0,0.0,1.0,0.0,0.0,0.0,0.0,0.0,0.0,0.0,0.0,0.0,0.0,2.0,106.0,2.0,702.0,0.0,0.0
0,Acridotheres cristatellus,Sturnidae,0.0,0.0,0.0,0.0,0.0,0.0,0.0,0.0,0.0,0.0,0.0,0.0,0.0,0.0,0.0,0.0,0.0,0.0,0.0,0.0,0.0,0.0,0.0,0.0,0.0,0.0,0.0,0.0,0.0,0.0,0.0,0.0,0.0,0.0,0.0,0.0,8.0,8.0,0.0,3.0
0,Plegadis chihi,Threskiornithidae,0.0,0.0,0.0,0.0,0.0,0.0,508.0,593.0,24.0,29.0,0.0,0.0,0.0,2.0,0.0,244.0,600.0,626.0,20.0,20.0,37.0,44.0,0.0,11.0,0.0,15.0,60.0,418.0,2.0,184.0,1293.0,1531.0,485.0,724.0,314.0,429.0,996.0,1422.0,1012.0,1985.0
0,Tringa incana,Scolopacidae,0.0,0.0,0.0,0.0,0.0,0.0,0.0,0.0,0.0,0.0,0.0,0.0,0.0,0.0,0.0,0.0,0.0,0.0,0.0,0.0,0.0,0.0,0.0,0.0,0.0,0.0,0.0,0.0,0.0,0.0,0.0,1.0,0.0,0.0,0.0,2.0,0.0,3.0,0.0,4.0
0,Stercorarius maccormicki,Stercorariidae,0.0,0.0,0.0,0.0,0.0,0.0,0.0,0.0,0.0,0.0,0.0,2.0,0.0,0.0,0.0,0.0,0.0,0.0,0.0,0.0,0.0,0.0,0.0,0.0,0.0,0.0,0.0,0.0,0.0,0.0,0.0,0.0,0.0,0.0,0.0,0.0,0.0,1.0,0.0,1.0
0,Dendrocygna bicolor,Anatidae,0.0,8.0,0.0,1.0,0.0,0.0,0.0,0.0,0.0,0.0,0.0,0.0,0.0,0.0,20.0,21.0,0.0,0.0,0.0,5.0,12.0,13.0,0.0,0.0,0.0,1.0,0.0,0.0,0.0,27.0,52.0,86.0,0.0,252.0,28.0,246.0,185.0,838.0,118.0,529.0
0,Buteo albonotatus,Accipitridae,0.0,0.0,0.0,0.0,0.0,0.0,0.0,0.0,0.0,0.0,0.0,0.0,0.0,1.0,0.0,0.0,0.0,0.0,0.0,1.0,0.0,0.0,0.0,0.0,0.0,0.0,0.0,1.0,0.0,0.0,0.0,0.0,0.0,4.0,0.0,8.0,0.0,7.0,0.0,8.0
0,Agapornis roseicollis,Psittacidae,0.0,0.0,0.0,0.0,0.0,0.0,0.0,0.0,0.0,0.0,0.0,0.0,0.0,0.0,0.0,0.0,0.0,0.0,0.0,0.0,0.0,0.0,0.0,0.0,0.0,0.0,0.0,0.0,0.0,0.0,0.0,0.0,0.0,0.0,0.0,0.0,0.0,0.0,0.0,0.0
0,Callonetta leucophrys,Anatidae,0.0,0.0,0.0,0.0,0.0,0.0,0.0,0.0,0.0,2.0,0.0,2.0,0.0,0.0,0.0,0.0,0.0,0.0,0.0,0.0,0.0,8.0,0.0,0.0,0.0,0.0,0.0,0.0,9.0,9.0,6.0,16.0,9.0,13.0,26.0,69.0,58.0,264.0,131.0,141.0
0,Pyrrhura molinae,Psittacidae,0.0,0.0,0.0,0.0,0.0,8.0,0.0,30.0,0.0,0.0,0.0,0.0,0.0,2.0,0.0,0.0,0.0,5.0,0.0,0.0,0.0,0.0,0.0,0.0,0.0,10.0,0.0,7.0,8.0,23.0,0.0,6.0,4.0,71.0,0.0,4.0,0.0,21.0,0.0,69.0
0,Numenius borealis,Scolopacidae,0.0,0.0,0.0,0.0,0.0,0.0,0.0,0.0,0.0,0.0,0.0,0.0,0.0,0.0,0.0,0.0,0.0,0.0,0.0,0.0,0.0,0.0,0.0,0.0,0.0,0.0,0.0,0.0,0.0,0.0,0.0,0.0,0.0,0.0,0.0,0.0,0.0,0.0,0.0,0.0
