,eventDate,individualCount,decimalLatitude,decimalLongitude,day,month,year
140,2008-12-06T00:00:00,1.0,-29.8934,-71.2731,6,12,2008
504,2007-12-08T00:00:00,,-33.2985,-58.6401,8,12,2007
790,2006-03-18T00:00:00,2.0,-17.1157,-68.78,18,3,2006
805,2008-09-30T00:00:00,6.0,-33.8368,-53.9154,30,9,2008
1103,2008-02-21T00:00:00,2.0,-29.0111,-56.1734,21,2,2008
1294,2007-09-14T00:00:00,65.0,-25.2667,-57.6167,14,9,2007
1423,2008-09-23T00:00:00,2.0,-1.7438099999999999,-78.7562,23,9,2008
1458,2008-12-10T00:00:00,2.0,-23.0965,-70.4282,10,12,2008
1559,2007-11-07T00:00:00,1.0,-22.4075,-66.0055,7,11,2007
1600,2009-01-02T00:00:00,,-34.6183,-54.2921,2,1,2009
1971,2008-01-13T00:00:00,,-34.6623,-54.1484,13,1,2008
3082,2005-01-04T00:00:00,2.0,-25.2667,-57.6167,4,1,2005
3443,2008-12-31T00:00:00,1.0,-29.8934,-71.2731,31,12,2008
3607,2007-02-10T00:00:00,,-37.7444,-57.427,10,2,2007
3791,2009-09-20T00:00:00,40.0,-25.2667,-57.6167,20,9,2009
3814,2007-12-08T00:00:00,,-33.4985,-58.7884,8,12,2007
4316,2004-09-10T00:00:00,,-34.6183,-54.2921,10,9,2004
4665,2008-02-01T00:00:00,218.0,-22.6486,-65.6926,1,2,2008
4763,2007-07-05T00:00:00,,-21.771,-65.1015,5,7,2007
5398,2001-01-16T00:00:00,2.0,-17.1438,-71.8739,16,1,2001
5861,2008-09-26T00:00:00,,-30.6203,-59.9076,26,9,2008
5948,2006-02-04T00:00:00,57.0,-15.2167,-69.0667,4,2,2006
6457,2007-04-22T00:00:00,2.0,-33.8038,-71.712,22,4,2007
6646,2009-01-16T00:00:00,4.0,-29.8934,-71.2727,16,1,2009
6676,2000-03-15T00:00:00,,-36.3848,-56.7066,15,3,2000
6720,2005-07-03T00:00:00,,-34.6082,-58.354,3,7,2005
6944,2006-01-20T00:00:00,,-18.0936,-67.1045,20,1,2006
7000,2000-11-18T00:00:00,,-36.2941,-56.7756,18,11,2000
7114,2009-02-10T00:00:00,,-35.4576,-58.8151,10,2,2009
7404,2008-03-15T00:00:00,1.0,-2.27972,-80.9165,15,3,2008
8441,2004-02-08T00:00:00,2.0,-18.4165,-70.3224,8,2,2004
8682,2003-12-06T00:00:00,,-31.1138,-50.8566,6,12,2003
8821,2004-10-14T00:00:00,1.0,-11.3959,-69.535,14,10,2004
9238,2000-09-12T00:00:00,1.0,-25.2667,-57.6167,12,9,2000
9568,2007-01-29T00:00:00,1.0,-2.22507,-80.9608,29,1,2007
9796,2000-11-17T00:00:00,1.0,-18.4165,-70.3224,17,11,2000
10697,2000-09-30T00:00:00,,-22.6,-57.43,30,9,2000
10773,2003-07-31T00:00:00,15.0,-4.40479,-59.5823,31,7,2003
11104,2007-01-06T00:00:00,,-33.2978,-58.7111,6,1,2007
11285,2003-05-09T00:00:00,,-37.7444,-57.427,9,5,2003
11357,2003-12-27T00:00:00,,-36.2968,-56.7737,27,12,2003
11754,2007-10-27T00:00:00,50.0,-36.2941,-56.7756,27,10,2007
12039,2005-02-27T00:00:00,92.0,-18.0936,-67.1045,27,2,2005
12072,2009-10-01T00:00:00,12.0,-25.2667,-57.6167,1,10,2009
12204,2006-05-21T00:00:00,,-34.3364,-53.794,21,5,2006
12325,2004-11-13T00:00:00,,-30.9178,-62.6784,13,11,2004
12732,2005-02-03T00:00:00,,-34.3364,-53.794,3,2,2005
13051,2009-02-19T00:00:00,,-1.67632,-80.8136,19,2,2009
13087,2009-10-18T00:00:00,20.0,-25.2667,-57.6167,18,10,2009
13189,2004-10-06T00:00:00,100.0,-36.2941,-56.7756,6,10,2004
13231,2001-02-24T00:00:00,,-22.545,-59.3111,24,2,2001
13610,2009-02-24T00:00:00,,-34.6643,-54.1732,24,2,2009
13721,2009-03-01T00:00:00,1.0,-18.4165,-70.3224,1,3,2009
13947,2006-09-28T00:00:00,2.0,-25.2667,-57.6167,28,9,2006
14049,2009-10-05T00:00:00,17.0,-25.2712,-57.6298,5,10,2009
14114,2008-11-07T00:00:00,,-8.49421,-60.9622,7,11,2008
14193,2009-09-04T00:00:00,91.0,-25.2667,-57.6167,4,9,2009
14224,2008-10-26T00:00:00,1.0,-23.3452,-63.6846,26,10,2008
14530,2001-12-21T00:00:00,2.0,-18.4165,-70.3224,21,12,2001
14717,2005-02-06T00:00:00,200.0,-36.2941,-56.7756,6,2,2005
15046,2006-01-28T00:00:00,1.0,-18.0408,20.8624,28,1,2006
15659,2009-09-12T00:00:00,64.0,-25.2667,-57.6167,12,9,2009
15999,2007-01-26T00:00:00,,-34.3532,-53.8638,26,1,2007
16180,2000-09-08T00:00:00,1.0,-17.2683,-56.8934,8,9,2000
16222,2003-02-14T00:00:00,15.0,-18.477,-70.3207,14,2,2003
16407,2007-10-27T00:00:00,100.0,-36.3848,-56.7066,27,10,2007
16650,2008-12-06T00:00:00,1.0,-24.5521,-65.3738,6,12,2008
17145,2002-11-22T00:00:00,,-18.4165,-70.3224,22,11,2002
17409,2009-09-24T00:00:00,10.0,-35.916,-57.4178,24,9,2009
17821,2006-11-13T00:00:00,10.0,-36.2941,-56.7756,13,11,2006
18191,2003-09-13T00:00:00,,-20.9967,-58.725,13,9,2003
18252,2007-03-15T00:00:00,,-34.9664,-54.9485,15,3,2007
19310,2000-11-16T00:00:00,13.0,-25.2667,-57.6167,16,11,2000
19326,2002-01-22T00:00:00,,-34.3364,-53.794,22,1,2002
19600,2005-11-23T00:00:00,1.0,-9.05418,-56.5863,23,11,2005
19726,2006-09-09T00:00:00,27.0,-10.1871,-56.3782,9,9,2006
20669,2009-12-19T00:00:00,1.0,-33.5304,-71.6023,19,12,2009
20739,2004-11-14T00:00:00,3.0,-18.4165,-70.3224,14,11,2004
20905,2004-11-12T00:00:00,2.0,-13.618,-71.7304,12,11,2004
21535,2000-12-05T00:00:00,12.0,-25.2667,-57.6167,5,12,2000
22087,2003-11-07T00:00:00,,-37.7444,-57.427,7,11,2003
22102,2008-10-18T00:00:00,,-24.9836,-57.0877,18,10,2008
22189,2009-12-19T00:00:00,1.0,-33.5304,-71.6023,19,12,2009
22411,2002-10-17T00:00:00,2.0,-19.9526,-56.3044,17,10,2002
22424,2008-11-20T00:00:00,,-31.3573,-51.0391,20,11,2008
22813,2003-11-16T00:00:00,2.0,-22.7125,-65.6976,16,11,2003
22888,2004-10-01T00:00:00,2.0,-12.6634,-69.8749,1,10,2004
23200,2004-01-17T00:00:00,,-34.3364,-53.794,17,1,2004
23429,2009-11-11T00:00:00,,-18.4165,-70.3224,11,11,2009
23585,2007-01-06T00:00:00,,-33.2978,-58.7111,6,1,2007
23592,2004-02-21T00:00:00,4.0,-30.7693,-61.9713,21,2,2004
24042,2007-12-09T00:00:00,1.0,-18.4165,-70.3224,9,12,2007
24453,2009-01-01T00:00:00,1.0,-22.6888,14.5247,1,1,2009
24937,2005-07-10T00:00:00,,-34.6082,-58.354,10,7,2005
25257,2005-05-27T00:00:00,1.0,-34.6082,-58.354,27,5,2005
25748,2009-03-21T00:00:00,1.0,-34.0411,151.19899999999998,21,3,2009
25816,2003-11-08T00:00:00,,-34.7646,-55.6682,8,11,2003
25971,2008-01-10T00:00:00,,-34.652,-54.1622,10,1,2008
26058,2008-02-05T00:00:00,28.0,-34.6623,-54.1484,5,2,2008
26659,2004-09-14T00:00:00,82.0,-25.2667,-57.6167,14,9,2004
26968,2004-10-08T00:00:00,,-23.85,-59.83,8,10,2004
27287,2008-02-04T00:00:00,6.0,-33.7592,-71.7344,4,2,2008
27358,2008-11-03T00:00:00,1.0,-8.49421,-60.9622,3,11,2008
27438,2007-04-23T00:00:00,,-22.7333,-57.55,23,4,2007
27884,2005-11-30T00:00:00,,-34.6082,-58.354,30,11,2005
28167,2004-09-06T00:00:00,40.0,-25.2667,-57.6167,6,9,2004
28190,2008-03-15T00:00:00,2.0,-2.22308,-80.9589,15,3,2008
28219,2009-12-26T00:00:00,15.0,-30.7415,-60.143,26,12,2009
28365,2001-10-21T00:00:00,50.0,-34.7658,-56.416000000000004,21,10,2001
28825,2004-11-01T00:00:00,,-31.6743,-56.7415,1,11,2004
28852,2004-08-27T00:00:00,3.0,-25.2667,-57.6167,27,8,2004
28971,2009-02-10T00:00:00,,-35.4576,-58.8151,10,2,2009
29713,2000-09-16T00:00:00,5.0,-25.2667,-57.6167,16,9,2000
29731,2004-09-25T00:00:00,60.0,-25.2667,-57.6167,25,9,2004
29744,2003-01-14T00:00:00,,-34.3364,-53.794,14,1,2003
29917,2008-10-12T00:00:00,,-38.7092,-59.1642,12,10,2008
30078,2002-11-28T00:00:00,,-36.2941,-56.7756,28,11,2002
30381,2005-09-01T00:00:00,,-23.85,-59.83,1,9,2005
30429,2007-12-01T00:00:00,2.0,-5.096419999999999,-67.054,1,12,2007
30748,2002-03-21T00:00:00,,-0.613108,-78.4744,21,3,2002
31257,2008-11-06T00:00:00,1.0,-8.49421,-60.9622,6,11,2008
31329,2007-02-14T00:00:00,,-2.4888,-44.0383,14,2,2007
32044,2004-09-19T00:00:00,15.0,-31.3188,-51.0895,19,9,2004
32151,2009-11-28T00:00:00,,-33.4985,-58.7884,28,11,2009
32318,2002-12-11T00:00:00,2.0,-32.9687,-60.7883,11,12,2002
32406,2005-12-03T00:00:00,,-36.4167,-56.9167,3,12,2005
32502,2007-09-20T00:00:00,,-34.2826,-53.9028,20,9,2007
32683,2005-02-18T00:00:00,,-53.756,-67.72399999999999,18,2,2005
32970,2000-10-25T00:00:00,,-27.319000000000003,-58.9504,25,10,2000
33541,2001-01-16T00:00:00,2.0,-17.1438,-71.8739,16,1,2001
33743,2007-03-11T00:00:00,10.0,-34.6797,-54.2732,11,3,2007
33854,2007-02-19T00:00:00,,-34.6623,-54.1484,19,2,2007
33927,2000-10-24T00:00:00,33.0,-25.2667,-57.6167,24,10,2000
33992,2007-10-27T00:00:00,50.0,-36.2941,-56.7756,27,10,2007
35141,2006-03-02T00:00:00,1.0,-11.0167,-76.0913,2,3,2006
35371,2004-09-17T00:00:00,69.0,-25.2667,-57.6167,17,9,2004
35509,2007-02-02T00:00:00,173.0,-33.7,-61.4667,2,2,2007
35571,2000-09-26T00:00:00,15.0,-25.2667,-57.6167,26,9,2000
35934,2000-10-20T00:00:00,4.0,-25.2667,-57.6167,20,10,2000
36312,2006-03-19T00:00:00,12.0,-30.118000000000002,-71.3705,19,3,2006
36777,2003-10-05T00:00:00,1.0,-13.7395,-76.2265,5,10,2003
36801,2007-10-26T00:00:00,1.0,-24.3698,-60.3137,26,10,2007
36943,2002-09-13T00:00:00,64.0,-25.2667,-57.6167,13,9,2002
37587,2009-12-14T00:00:00,50.0,-34.3389,-53.8375,14,12,2009
37672,2003-02-14T00:00:00,,-18.4724,-70.3239,14,2,2003
37803,2004-12-04T00:00:00,,-36.2941,-56.7756,4,12,2004
38133,2000-11-18T00:00:00,,-22.5694,-59.3397,18,11,2000
38148,2000-11-05T00:00:00,,-36.2941,-56.7756,5,11,2000
38868,2000-12-01T00:00:00,14.0,-25.2667,-57.6167,1,12,2000
38874,2007-01-10T00:00:00,,-34.7881,-55.3857,10,1,2007
38924,2006-11-23T00:00:00,1.0,-51.6799,-57.7839,23,11,2006
38931,2003-11-09T00:00:00,2.0,-22.7195,-65.6952,9,11,2003
38971,2009-03-01T00:00:00,189.0,-22.4075,-66.0055,1,3,2009
39148,2009-01-17T00:00:00,,-36.2941,-56.7756,17,1,2009
39318,2009-01-27T00:00:00,1.0,-22.6888,14.5247,27,1,2009
39348,2006-09-08T00:00:00,7.0,-25.2667,-57.6167,8,9,2006
39463,2009-02-18T00:00:00,28.0,-33.8145,-53.4457,18,2,2009
39662,2003-09-06T00:00:00,2.0,-12.9086,-71.4033,6,9,2003
39793,2006-07-01T00:00:00,12.0,-19.0681,-66.8839,1,7,2006
40306,2007-09-21T00:00:00,1.0,-12.5749,-71.2,21,9,2007
40396,2005-07-12T00:00:00,3.0,-17.3,-65.9,12,7,2005
40616,2009-01-10T00:00:00,6.0,-28.2283,-59.1143,10,1,2009
40811,2009-12-12T00:00:00,3.0,-33.8485,-53.4778,12,12,2009
40858,2005-11-11T00:00:00,,-36.2941,-56.7756,11,11,2005
40861,2002-12-11T00:00:00,2.0,-32.9687,-60.7883,11,12,2002
40991,2009-11-22T00:00:00,1.0,-0.467084,-78.3158,22,11,2009
41057,2008-10-13T00:00:00,,-22.5183,-59.732,13,10,2008
41272,2008-10-14T00:00:00,1.0,-32.4133,-71.4108,14,10,2008
41331,2006-03-19T00:00:00,12.0,-30.118000000000002,-71.3705,19,3,2006
41603,2006-11-17T00:00:00,,-34.652,-54.1622,17,11,2006
41642,2006-11-13T00:00:00,15.0,-36.3848,-56.7066,13,11,2006
41800,2001-06-20T00:00:00,2.0,-33.3647,-71.6727,20,6,2001
42559,2004-11-12T00:00:00,2.0,-13.618,-71.7304,12,11,2004
42602,2000-09-29T00:00:00,,-22.545,-59.3111,29,9,2000
42739,2009-12-30T00:00:00,4.0,-31.2718,-60.2644,30,12,2009
42933,2009-09-10T00:00:00,2.0,-25.2777,-57.6312,10,9,2009
43739,2007-09-10T00:00:00,1.0,-27.3133,-57.8937,10,9,2007
43794,2009-03-18T00:00:00,,-34.0411,151.19899999999998,18,3,2009
44206,2005-02-18T00:00:00,,-53.756,-67.72399999999999,18,2,2005
44254,2008-01-18T00:00:00,141.0,-34.3364,-53.794,18,1,2008
44482,2009-09-26T00:00:00,,-36.2941,-56.7756,26,9,2009
44588,2009-10-16T00:00:00,,-25.2667,-57.6167,16,10,2009
44613,2003-09-03T00:00:00,5.0,-25.2667,-57.6167,3,9,2003
44663,2007-08-13T00:00:00,2.0,-20.0863,-56.6147,13,8,2007
44730,2005-01-02T00:00:00,1.0,-34.6082,-58.354,2,1,2005
44885,2006-11-18T00:00:00,1.0,-18.4165,-70.3224,18,11,2006
44939,2003-11-06T00:00:00,1.0,-13.0105,-71.4386,6,11,2003
45095,2007-04-24T00:00:00,,-22.4167,-57.1667,24,4,2007
45166,2006-01-01T00:00:00,2.0,-33.7592,-71.7344,1,1,2006
45175,2009-10-28T00:00:00,2.0,-23.4555,-45.0603,28,10,2009
45181,2007-02-25T00:00:00,,-38.3383,-62.6404,25,2,2007
45973,2001-11-06T00:00:00,,-23.1972,-59.1833,6,11,2001
46236,2001-01-10T00:00:00,4.0,-32.3115,-63.2327,10,1,2001
46375,2000-03-14T00:00:00,,-36.4003,-56.9114,14,3,2000
46388,2004-02-15T00:00:00,,-25.2991,-57.6379,15,2,2004
46803,2008-02-12T00:00:00,1.0,-32.8854,-71.5031,12,2,2008
46857,2000-12-28T00:00:00,,-36.2941,-56.7756,28,12,2000
46869,2009-12-30T00:00:00,4.0,-31.2718,-60.2644,30,12,2009
47137,2000-09-30T00:00:00,,-22.6,-57.43,30,9,2000
47509,2005-03-28T00:00:00,1.0,-1.79425,-80.7608,28,3,2005
47833,2004-07-19T00:00:00,1.0,-2.10085,-80.7435,19,7,2004
47916,2009-02-13T00:00:00,18.0,-22.4075,-66.0055,13,2,2009
47962,2000-10-17T00:00:00,10.0,-25.2667,-57.6167,17,10,2000
48549,2005-03-07T00:00:00,4.0,-36.2941,-56.7756,7,3,2005
48559,2008-02-08T00:00:00,103.0,-33.7,-61.4667,8,2,2008
48597,2008-11-07T00:00:00,20.0,-33.6,-55.7384,7,11,2008
48611,2009-03-26T00:00:00,,-34.0411,151.19899999999998,26,3,2009
48834,2003-09-06T00:00:00,2.0,-12.9086,-71.4033,6,9,2003
48870,2000-10-01T00:00:00,,-22.5403,-59.6764,1,10,2000
48934,2007-02-07T00:00:00,4.0,-22.4075,-66.0055,7,2,2007
49029,2003-11-08T00:00:00,,-34.7646,-55.6682,8,11,2003
49669,2000-10-28T00:00:00,38.0,-25.2667,-57.6167,28,10,2000
49726,2008-01-24T00:00:00,,-33.4985,-58.7884,24,1,2008
50108,2007-10-26T00:00:00,1.0,-22.6664,14.5304,26,10,2007
50435,2009-01-10T00:00:00,6.0,-28.2283,-59.1143,10,1,2009
50600,2009-01-02T00:00:00,,-34.2826,-53.9028,2,1,2009
50809,2001-02-27T00:00:00,,-13.8416,-76.256,27,2,2001
50871,2000-03-12T00:00:00,,-36.3411,-56.7471,12,3,2000
51149,2005-11-10T00:00:00,,-34.6797,-54.2732,10,11,2005
51238,2005-01-20T00:00:00,1.0,-25.2667,-57.6167,20,1,2005
51255,2003-11-14T00:00:00,,-34.6797,-54.2732,14,11,2003
51918,2001-01-23T00:00:00,,-36.3848,-56.7066,23,1,2001
51986,2006-01-12T00:00:00,,-34.6797,-54.2732,12,1,2006
52101,2008-10-14T00:00:00,1.0,-32.4101,-71.4108,14,10,2008
52909,2009-09-16T00:00:00,,-22.5,-60.0,16,9,2009
53303,2007-02-11T00:00:00,1.0,-2.24606,-80.9417,11,2,2007
53418,2003-08-28T00:00:00,4.0,-25.2667,-57.6167,28,8,2003
53488,2004-09-16T00:00:00,40.0,-25.2667,-57.6167,16,9,2004
53656,2009-03-22T00:00:00,,-34.0411,151.19899999999998,22,3,2009
53790,2009-02-04T00:00:00,,-36.2941,-56.7756,4,2,2009
53879,2005-06-12T00:00:00,1.0,-34.6082,-58.354,12,6,2005
53922,2007-01-26T00:00:00,,-34.3532,-53.8638,26,1,2007
54030,2004-09-09T00:00:00,114.0,-25.2667,-57.6167,9,9,2004
54046,2004-09-23T00:00:00,35.0,-25.2667,-57.6167,23,9,2004
54165,2004-12-04T00:00:00,,-36.2941,-56.7756,4,12,2004
54192,2001-10-05T00:00:00,,-26.43,-55.8,5,10,2001
54235,2000-01-03T00:00:00,,-34.6183,-54.2921,3,1,2000
54774,2009-04-12T00:00:00,,-37.7444,-57.427,12,4,2009
55517,2005-07-09T00:00:00,,-34.6082,-58.354,9,7,2005
55657,2004-03-29T00:00:00,2.0,-11.0167,-76.0913,29,3,2004
55907,2004-02-01T00:00:00,57.0,-18.0936,-67.1045,1,2,2004
55964,2009-03-03T00:00:00,3.0,-18.4165,-70.3224,3,3,2009
56121,2003-09-27T00:00:00,6.0,-23.2139,-44.7105,27,9,2003
56155,2004-11-19T00:00:00,12.0,-36.4792,-56.983999999999995,19,11,2004
56348,2009-10-10T00:00:00,1.0,-34.652,-54.1622,10,10,2009
56689,2007-11-02T00:00:00,23.0,-34.6797,-54.2732,2,11,2007
56752,2005-01-14T00:00:00,1.0,-25.2667,-57.6167,14,1,2005
56761,2001-12-01T00:00:00,,-36.2941,-56.7756,1,12,2001
57001,2004-10-05T00:00:00,28.0,-25.2667,-57.6167,5,10,2004
57213,2004-01-06T00:00:00,1.0,-18.4165,-70.3224,6,1,2004
57692,2008-09-29T00:00:00,40.0,-34.3157,-53.9274,29,9,2008
57749,2009-10-28T00:00:00,1.0,-42.1508,-63.7209,28,10,2009
58070,2002-10-17T00:00:00,,-16.3786,-56.6208,17,10,2002
58088,2005-06-30T00:00:00,,-34.6082,-58.354,30,6,2005
58387,2004-01-07T00:00:00,,-18.4165,-70.3224,7,1,2004
58455,2009-12-15T00:00:00,40.0,-34.6183,-54.2921,15,12,2009
59072,2006-11-13T00:00:00,10.0,-36.2941,-56.7756,13,11,2006
59404,2008-08-08T00:00:00,1.0,-12.0738,-77.1657,8,8,2008
59471,2005-03-22T00:00:00,100.0,-11.0167,-76.0913,22,3,2005
59622,2004-10-14T00:00:00,1.0,-11.3959,-69.535,14,10,2004
60097,2008-03-30T00:00:00,1.0,-15.4108,-71.5305,30,3,2008
60121,2004-08-28T00:00:00,3.0,-25.2667,-57.6167,28,8,2004
60136,2007-10-24T00:00:00,2.0,-38.4071,-62.8123,24,10,2007
60266,2007-02-18T00:00:00,,-33.3819,-58.7547,18,2,2007
60654,2009-03-03T00:00:00,3.0,-18.4165,-70.3224,3,3,2009
61211,2009-03-19T00:00:00,,-34.0411,151.19899999999998,19,3,2009
61231,2005-09-12T00:00:00,10.0,-36.2941,-56.7756,12,9,2005
61447,2004-07-17T00:00:00,1.0,-5.78304,-80.8759,17,7,2004
61461,2001-10-14T00:00:00,,-20.9967,-58.725,14,10,2001
61809,2009-03-17T00:00:00,,-34.039,151.205,17,3,2009
61862,2005-02-06T00:00:00,1.0,-25.2667,-57.6167,6,2,2005
61883,2009-02-12T00:00:00,5.0,-31.4167,-62.0833,12,2,2009
62112,2009-12-14T00:00:00,3.0,-34.4061,-53.7776,14,12,2009
62227,2009-12-14T00:00:00,1.0,-33.5304,-71.6023,14,12,2009
62804,2009-03-28T00:00:00,1.0,-34.0411,151.19899999999998,28,3,2009
62829,2004-10-14T00:00:00,20.0,-25.2667,-57.6167,14,10,2004
62964,2008-10-04T00:00:00,,-37.6133,-57.3282,4,10,2008
62999,2003-10-23T00:00:00,,-18.4128,-70.3235,23,10,2003
64687,2009-11-11T00:00:00,4.0,-38.7691,-62.3433,11,11,2009
64688,2000-12-16T00:00:00,20.0,-38.7712,-62.346000000000004,16,12,2000
64955,2008-12-30T00:00:00,,-31.7358,-56.011,30,12,2008
65059,2004-09-02T00:00:00,52.0,-25.2667,-57.6167,2,9,2004
65085,2000-10-21T00:00:00,9.0,-25.2667,-57.6167,21,10,2000
65268,2009-05-10T00:00:00,1.0,-34.0222,25.6926,10,5,2009
65492,2009-10-31T00:00:00,1.0,-25.5547,-48.3027,31,10,2009
65845,2004-02-09T00:00:00,1.0,-29.9617,-71.3218,9,2,2004
66534,2007-11-12T00:00:00,16.0,-36.2941,-56.7756,12,11,2007
67308,2008-10-01T00:00:00,9.0,-32.918,-54.4522,1,10,2008
67391,2007-08-13T00:00:00,2.0,-20.0863,-56.6147,13,8,2007
67481,2004-10-12T00:00:00,,-12.355,-70.7029,12,10,2004
67702,2000-11-17T00:00:00,,-22.545,-59.3111,17,11,2000
67970,2009-10-08T00:00:00,1.0,-12.56,-69.1897,8,10,2009
68379,2008-09-29T00:00:00,20.0,-34.8415,-54.6746,29,9,2008
68489,2004-09-22T00:00:00,27.0,-25.2667,-57.6167,22,9,2004
68611,2008-11-15T00:00:00,1.0,-6.93548,-79.8661,15,11,2008
68652,2001-10-08T00:00:00,,-21.1317,-58.5528,8,10,2001
68984,2009-03-21T00:00:00,,-34.0411,151.19899999999998,21,3,2009
69131,2004-10-01T00:00:00,2.0,-12.6634,-69.8749,1,10,2004
69351,2008-10-05T00:00:00,,-35.916,-57.4178,5,10,2008
69368,2009-03-22T00:00:00,,-34.0411,151.19899999999998,22,3,2009
69567,2004-10-28T00:00:00,1.0,-16.2806,-67.8571,28,10,2004
69704,2007-11-13T00:00:00,,-33.0313,-59.4032,13,11,2007
70087,2004-10-14T00:00:00,2000.0,-31.1311,-50.8303,14,10,2004
70090,2003-08-24T00:00:00,5.0,-25.2667,-57.6167,24,8,2003
70117,2006-04-19T00:00:00,,-36.2941,-56.7756,19,4,2006
70439,2004-09-17T00:00:00,15.0,-31.1138,-50.8566,17,9,2004
70900,2003-09-15T00:00:00,,-21.07,-58.8844,15,9,2003
71161,2007-01-06T00:00:00,,-33.2978,-58.7111,6,1,2007
71190,2009-09-10T00:00:00,2.0,-25.2777,-57.6312,10,9,2009
71208,2003-02-16T00:00:00,12.0,-18.4165,-70.3224,16,2,2003
71455,2008-09-21T00:00:00,,-23.416,-45.0554,21,9,2008
72116,2009-01-19T00:00:00,4.0,-29.9253,-71.2787,19,1,2009
72291,2007-02-18T00:00:00,,-34.6797,-54.2732,18,2,2007
73069,2007-10-26T00:00:00,2.0,-36.3848,-56.7066,26,10,2007
73315,2008-03-02T00:00:00,1.0,-32.8844,-71.5068,2,3,2008
73661,2005-02-05T00:00:00,40.0,-36.3848,-56.7066,5,2,2005
73989,2001-11-05T00:00:00,7.0,-25.2667,-57.6167,5,11,2001
74264,2009-09-10T00:00:00,2.0,-25.2777,-57.6312,10,9,2009
74320,2005-09-25T00:00:00,2.0,-33.0271,-61.7845,25,9,2005
74338,2009-12-14T00:00:00,1.0,-33.5304,-71.6023,14,12,2009
74437,2005-05-29T00:00:00,1.0,-34.6082,-58.354,29,5,2005
74495,2001-01-16T00:00:00,,-34.3364,-53.794,16,1,2001
74817,2009-03-21T00:00:00,1.0,-34.0411,151.19899999999998,21,3,2009
75027,2006-11-02T00:00:00,,-13.618,-71.7304,2,11,2006
75040,2006-10-28T00:00:00,,-34.7658,-56.416000000000004,28,10,2006
75235,2009-03-28T00:00:00,1.0,-34.0411,151.19899999999998,28,3,2009
75521,2006-09-02T00:00:00,,-25.6147,-57.498000000000005,2,9,2006
75635,2009-12-20T00:00:00,6.0,-36.2941,-56.7756,20,12,2009
75711,2006-02-18T00:00:00,,-11.870999999999999,-77.1475,18,2,2006
75726,2005-07-12T00:00:00,1.0,-17.3873,-66.2053,12,7,2005
76096,2005-03-06T00:00:00,,-0.510471,-78.226,6,3,2005
76497,2009-02-28T00:00:00,3.0,-18.4165,-70.3224,28,2,2009
76693,2008-10-14T00:00:00,,-34.8136,-55.3336,14,10,2008
76750,2009-02-13T00:00:00,18.0,-22.4075,-66.0055,13,2,2009
76853,2008-03-02T00:00:00,1.0,-32.8844,-71.5068,2,3,2008
77090,2004-02-08T00:00:00,2.0,-18.477,-70.3207,8,2,2004
77311,2009-03-16T00:00:00,2.0,-12.2141,-76.9893,16,3,2009
77799,2008-10-02T00:00:00,12.0,-34.8018,-55.3851,2,10,2008
77981,2009-03-22T00:00:00,1.0,-34.0411,151.19899999999998,22,3,2009
78245,2001-11-09T00:00:00,,-25.2991,-57.6379,9,11,2001
78735,2001-11-18T00:00:00,,-0.613108,-78.4744,18,11,2001
79222,2009-01-13T00:00:00,,-34.652,-54.1622,13,1,2009
79356,2009-02-01T00:00:00,18.0,-22.4075,-66.0055,1,2,2009
79629,2004-10-28T00:00:00,5.0,-25.2667,-57.6167,28,10,2004
79734,2008-11-23T00:00:00,,-31.3573,-51.0391,23,11,2008
80062,2007-02-03T00:00:00,,-34.0857,-53.7362,3,2,2007
80284,2004-02-17T00:00:00,,-6.91582,-79.8758,17,2,2004
80528,2003-12-13T00:00:00,,-36.2968,-56.7737,13,12,2003
80670,2003-01-30T00:00:00,1.0,-36.3786,-56.7182,30,1,2003
80931,2000-11-06T00:00:00,38.0,-25.2667,-57.6167,6,11,2000
81001,2003-11-07T00:00:00,,-36.2941,-56.7756,7,11,2003
81049,2009-01-13T00:00:00,17.0,-30.8167,-62.8833,13,1,2009
81309,2005-09-11T00:00:00,8.0,-36.4066,-56.9272,11,9,2005
81430,2003-09-10T00:00:00,7.0,-25.2667,-57.6167,10,9,2003
81594,2004-10-09T00:00:00,12.0,-25.2667,-57.6167,9,10,2004
82363,2005-05-19T00:00:00,,-36.2941,-56.7756,19,5,2005
82796,2000-10-09T00:00:00,12.0,-25.2667,-57.6167,9,10,2000
83432,2008-11-16T00:00:00,1.0,-12.2141,-76.9893,16,11,2008
83598,2006-01-07T00:00:00,,-34.6643,-54.1732,7,1,2006
83901,2009-01-22T00:00:00,11.0,-33.8145,-53.4457,22,1,2009
84069,2009-01-14T00:00:00,20.0,-30.875,-62.4745,14,1,2009
84142,2009-10-01T00:00:00,1.0,-22.4075,-66.0055,1,10,2009
84909,2006-12-07T00:00:00,1.0,-51.6802,-57.7837,7,12,2006
85211,2003-01-13T00:00:00,,-34.3364,-53.794,13,1,2003
85337,2009-03-21T00:00:00,1.0,-34.0411,151.19899999999998,21,3,2009
85535,2009-12-26T00:00:00,15.0,-30.7415,-60.143,26,12,2009
85865,2004-09-20T00:00:00,35.0,-25.2667,-57.6167,20,9,2004
86001,2005-03-14T00:00:00,1.0,-45.1266,-66.5366,14,3,2005
86287,2007-01-26T00:00:00,,-34.3532,-53.8638,26,1,2007
86705,2004-11-05T00:00:00,3.0,-37.7444,-57.427,5,11,2004
88011,2003-11-08T00:00:00,,-34.7646,-55.6682,8,11,2003
88226,2007-11-12T00:00:00,16.0,-36.2941,-56.7756,12,11,2007
88525,2009-03-23T00:00:00,19.0,-22.4075,-66.0055,23,3,2009
88635,2007-03-11T00:00:00,2.0,-33.7,-61.4667,11,3,2007
88791,2003-11-08T00:00:00,,-34.802,-55.376999999999995,8,11,2003
88837,2006-11-14T00:00:00,,-34.6797,-54.2732,14,11,2006
89179,2007-02-19T00:00:00,,-34.652,-54.1622,19,2,2007
89258,2009-09-18T00:00:00,,-20.1842,-58.2692,18,9,2009
89340,2003-11-22T00:00:00,14.0,-34.6623,-54.1484,22,11,2003
89701,2007-03-11T00:00:00,2.0,-33.7,-61.4667,11,3,2007
89834,2004-10-14T00:00:00,3.0,-34.8783,-54.9155,14,10,2004
90324,2007-10-28T00:00:00,50.0,-36.35,-56.8667,28,10,2007
91013,2008-02-02T00:00:00,400.0,-33.7,-61.4667,2,2,2008
91548,2000-10-07T00:00:00,9.0,-25.2667,-57.6167,7,10,2000
91583,2004-11-12T00:00:00,2.0,-13.618,-71.7304,12,11,2004
92613,2004-03-03T00:00:00,12.0,-30.9396,-62.7258,3,3,2004
93073,2007-04-22T00:00:00,2.0,-33.8038,-71.712,22,4,2007
93133,2004-10-14T00:00:00,1.0,-11.3959,-69.535,14,10,2004
93182,2004-10-02T00:00:00,40.0,-25.2667,-57.6167,2,10,2004
93537,2006-12-30T00:00:00,1.0,-34.6611,-54.1525,30,12,2006
93677,2002-09-28T00:00:00,,-22.5,-59.8167,28,9,2002
93863,2004-12-04T00:00:00,,-36.2941,-56.7756,4,12,2004
93911,2008-03-02T00:00:00,1.0,-32.8844,-71.5068,2,3,2008
94326,2009-02-21T00:00:00,7.0,-30.9667,-62.75,21,2,2009
94341,2006-11-17T00:00:00,60.0,-36.2941,-56.7756,17,11,2006
94461,2004-10-31T00:00:00,3.0,-45.1266,-66.5366,31,10,2004
94580,2008-02-12T00:00:00,3.0,-30.9667,-62.75,12,2,2008
94629,2008-03-28T00:00:00,1.0,-18.4165,-70.3224,28,3,2008
94979,2009-09-14T00:00:00,12.0,-17.9484,-63.1606,14,9,2009
95165,2007-09-23T00:00:00,1.0,-11.2093,-77.5849,23,9,2007
95269,2008-09-30T00:00:00,2.0,-33.9063,-53.7147,30,9,2008
95309,2005-12-04T00:00:00,,-36.2941,-56.7756,4,12,2005
95549,2005-09-26T00:00:00,,-30.5765,-59.9342,26,9,2005
95636,2009-04-03T00:00:00,,-34.0411,151.19899999999998,3,4,2009
95658,2000-11-27T00:00:00,3.0,-25.2667,-57.6167,27,11,2000
95938,2002-01-26T00:00:00,,-37.7444,-57.427,26,1,2002
96306,2006-02-12T00:00:00,2.0,-0.613108,-78.4744,12,2,2006
96362,2008-01-27T00:00:00,,-34.652,-54.1622,27,1,2008
96426,2006-11-25T00:00:00,1.0,-51.68600000000001,-57.7633,25,11,2006
96573,2009-01-02T00:00:00,1.0,-29.8934,-71.2731,2,1,2009
96778,2003-09-05T00:00:00,7.0,-25.2667,-57.6167,5,9,2003
96955,2003-01-31T00:00:00,,-36.5074,-56.8158,31,1,2003
97290,2000-09-22T00:00:00,6.0,-25.2667,-57.6167,22,9,2000
97710,2004-09-18T00:00:00,42.0,-25.2667,-57.6167,18,9,2004
97718,2006-11-13T00:00:00,15.0,-36.3848,-56.7066,13,11,2006
97788,2007-11-15T00:00:00,,-36.3848,-56.7066,15,11,2007
98146,2003-12-07T00:00:00,,-31.8057,-52.3082,7,12,2003
98318,2009-12-11T00:00:00,1.0,-12.607000000000001,-69.2831,11,12,2009
98754,2009-02-28T00:00:00,3.0,-18.4165,-70.3224,28,2,2009
98900,2008-11-29T00:00:00,,-37.7444,-57.427,29,11,2008
99256,2001-02-19T00:00:00,,-36.2941,-56.7756,19,2,2001
99308,2007-09-23T00:00:00,,-34.7658,-56.416000000000004,23,9,2007
99459,2007-02-10T00:00:00,,-37.7444,-57.427,10,2,2007
99524,2009-03-24T00:00:00,,-34.0411,151.19899999999998,24,3,2009
100038,2008-10-16T00:00:00,,-34.8136,-55.3336,16,10,2008
100436,2002-09-02T00:00:00,1.0,-25.2667,-57.6167,2,9,2002
100534,2007-11-08T00:00:00,,-22.7222,-65.6956,8,11,2007
100678,2002-11-01T00:00:00,,-36.2941,-56.7756,1,11,2002
100900,2004-10-14T00:00:00,100.0,-38.8467,-62.1248,14,10,2004
100906,2008-02-04T00:00:00,6.0,-33.7592,-71.7344,4,2,2008
101125,2007-12-20T00:00:00,20.0,-34.6797,-54.2732,20,12,2007
101453,2006-02-19T00:00:00,,-34.6082,-58.354,19,2,2006
101585,2009-03-28T00:00:00,1.0,-34.0411,151.19899999999998,28,3,2009
101589,2006-02-05T00:00:00,1.0,-0.680038,-78.4801,5,2,2006
101640,2003-11-04T00:00:00,1.0,-33.4985,-58.7884,4,11,2003
101766,2009-03-20T00:00:00,,-36.2941,-56.7756,20,3,2009
101925,2009-11-10T00:00:00,,-0.680038,-78.4801,10,11,2009
102090,2000-11-02T00:00:00,172.0,-25.2667,-57.6167,2,11,2000
102143,2003-02-12T00:00:00,,-22.6272,-59.0453,12,2,2003
102196,2002-01-26T00:00:00,,-37.7444,-57.427,26,1,2002
102457,2006-12-19T00:00:00,1.0,-25.2667,-57.6167,19,12,2006
102925,2000-11-22T00:00:00,4.0,-25.2667,-57.6167,22,11,2000
102973,2001-09-11T00:00:00,140.0,-25.2667,-57.6167,11,9,2001
103347,2001-11-13T00:00:00,70.0,-36.2941,-56.7756,13,11,2001
103494,2005-07-13T00:00:00,2.0,-17.55,-66.0833,13,7,2005
103651,2008-03-15T00:00:00,1.0,-14.4031,-70.8716,15,3,2008
104074,2007-11-02T00:00:00,,-34.1709,-53.6407,2,11,2007
104603,2003-09-02T00:00:00,8.0,-25.2667,-57.6167,2,9,2003
105083,2004-10-10T00:00:00,30.0,-38.9121,-62.0595,10,10,2004
105215,2009-10-05T00:00:00,15.0,-25.2667,-57.6167,5,10,2009
105606,2008-03-02T00:00:00,1.0,-32.8844,-71.5068,2,3,2008
105642,2009-03-01T00:00:00,1.0,-18.4165,-70.3224,1,3,2009
105769,2008-03-15T00:00:00,,-33.4985,-58.7884,15,3,2008
106625,2001-11-06T00:00:00,35.0,-25.2667,-57.6167,6,11,2001
106807,2004-02-10T00:00:00,1.0,-18.477,-70.3207,10,2,2004
107178,2007-02-04T00:00:00,,-22.7674,-65.7138,4,2,2007
107189,2004-11-15T00:00:00,1.0,-18.2489,-69.1792,15,11,2004
107802,2003-11-12T00:00:00,17.0,-25.2667,-57.6167,12,11,2003
108407,2006-02-15T00:00:00,101.0,-34.6808,-54.2956,15,2,2006
108476,2008-10-11T00:00:00,2.0,-25.2667,-57.6167,11,10,2008
108554,2001-02-22T00:00:00,,-17.1384,-71.8702,22,2,2001
108688,2007-09-21T00:00:00,38.0,-25.2667,-57.6167,21,9,2007
108695,2008-12-07T00:00:00,,-36.2941,-56.7756,7,12,2008
109144,2001-11-18T00:00:00,,-34.6183,-54.2921,18,11,2001
109263,2004-02-10T00:00:00,1.0,-18.4165,-70.3224,10,2,2004
109330,2009-02-10T00:00:00,10.0,-35.4576,-58.8151,10,2,2009
109620,2008-10-22T00:00:00,1.0,-13.618,-71.7304,22,10,2008
109674,2004-10-23T00:00:00,12.0,-25.2667,-57.6167,23,10,2004
110077,2003-09-11T00:00:00,2.0,-34.6623,-54.1484,11,9,2003
110174,2003-03-06T00:00:00,,-42.7656,-63.638000000000005,6,3,2003
110468,2007-02-14T00:00:00,67.0,-31.2833,-51.0,14,2,2007
110967,2005-03-22T00:00:00,,-11.083,-76.1541,22,3,2005
111123,2001-10-25T00:00:00,20.0,-25.2667,-57.6167,25,10,2001
111312,2004-09-18T00:00:00,1.0,-25.2712,-57.6298,18,9,2004
111774,2000-10-19T00:00:00,7.0,-25.2667,-57.6167,19,10,2000
111834,2008-11-05T00:00:00,1.0,-8.49421,-60.9622,5,11,2008
112428,2007-02-04T00:00:00,1.0,-22.7195,-65.6952,4,2,2007
113001,2007-11-29T00:00:00,1.0,-22.4075,-66.0055,29,11,2007
113381,2009-02-19T00:00:00,2.0,-31.5333,-61.5333,19,2,2009
113828,2007-07-15T00:00:00,,-19.42,-60.5621,15,7,2007
113866,2004-09-04T00:00:00,62.0,-25.2667,-57.6167,4,9,2004
114368,2009-11-19T00:00:00,3.0,-18.4165,-70.3224,19,11,2009
114414,2003-09-19T00:00:00,,-15.1694,-56.8538,19,9,2003
114648,2009-01-04T00:00:00,1.0,-29.8934,-71.2731,4,1,2009
115069,2004-12-30T00:00:00,,-29.7834,-59.2122,30,12,2004
115863,2000-11-05T00:00:00,,-36.2941,-56.7756,5,11,2000
116694,2009-12-13T00:00:00,45.0,-34.2554,-53.8819,13,12,2009
116748,2009-03-18T00:00:00,,-34.0411,151.19899999999998,18,3,2009
117032,2000-11-26T00:00:00,,-34.3364,-53.794,26,11,2000
117110,2003-08-26T00:00:00,3.0,-25.2667,-57.6167,26,8,2003
117668,2004-10-07T00:00:00,19.0,-25.2667,-57.6167,7,10,2004
117834,2006-11-04T00:00:00,1.0,-36.2941,-56.7756,4,11,2006
118405,2004-05-28T00:00:00,2.0,-17.1384,-71.8702,28,5,2004
118544,2006-01-19T00:00:00,200.0,-36.2941,-56.7756,19,1,2006
118735,2003-09-23T00:00:00,10.0,-25.2667,-57.6167,23,9,2003
119194,2000-12-20T00:00:00,3.0,-31.7136,-61.0421,20,12,2000
119514,2009-03-21T00:00:00,1.0,-34.0411,151.19899999999998,21,3,2009
119601,2007-08-12T00:00:00,1.0,-20.0858,-56.6154,12,8,2007
119688,2008-11-02T00:00:00,,-34.6643,-54.1732,2,11,2008
119736,2007-10-12T00:00:00,11.0,-25.2667,-57.6167,12,10,2007
120003,2002-08-26T00:00:00,1.0,-25.2667,-57.6167,26,8,2002
120296,2005-03-06T00:00:00,,-0.510471,-78.226,6,3,2005
120513,2009-12-28T00:00:00,16.0,-30.3761,-59.9993,28,12,2009
120583,2000-09-25T00:00:00,3.0,-18.8511,-60.2925,25,9,2000
120631,2008-02-13T00:00:00,12.0,-30.875,-62.4745,13,2,2008
120634,2006-09-28T00:00:00,,-25.266,-57.6283,28,9,2006
120885,2004-10-10T00:00:00,,-34.3364,-53.794,10,10,2004
120937,2009-12-28T00:00:00,16.0,-30.3761,-59.9993,28,12,2009
121056,2008-11-02T00:00:00,2.0,-18.477,-70.3207,2,11,2008
121081,2004-08-30T00:00:00,4.0,-25.2667,-57.6167,30,8,2004
121691,2004-09-11T00:00:00,80.0,-25.2667,-57.6167,11,9,2004
121775,2008-10-13T00:00:00,610.0,-34.6797,-54.2732,13,10,2008
121784,2009-09-21T00:00:00,,-23.4555,-45.0603,21,9,2009
121971,2007-02-03T00:00:00,,-33.4985,-58.7884,3,2,2007
123036,2009-09-15T00:00:00,12.0,-34.7658,-56.416000000000004,15,9,2009
123410,2001-09-09T00:00:00,120.0,-25.2667,-57.6167,9,9,2001
123614,2004-10-13T00:00:00,70.0,-38.8467,-62.1248,13,10,2004
123734,2003-11-06T00:00:00,1.0,-13.0558,-71.5452,6,11,2003
124912,2009-09-14T00:00:00,12.0,-17.9484,-63.1606,14,9,2009
125232,2004-09-30T00:00:00,32.0,-25.2667,-57.6167,30,9,2004
125519,2000-12-15T00:00:00,2.0,-25.2667,-57.6167,15,12,2000
125572,2001-11-19T00:00:00,10.0,-42.7656,-63.638000000000005,19,11,2001
126541,2006-11-25T00:00:00,1.0,-51.68600000000001,-57.7633,25,11,2006
126596,2005-10-26T00:00:00,6.0,-34.4617,-54.0415,26,10,2005
126637,2007-10-05T00:00:00,36.0,-25.2667,-57.6167,5,10,2007
127259,2009-11-08T00:00:00,1.0,-12.5749,-71.2,8,11,2009
127344,2007-11-04T00:00:00,,-34.6183,-54.2921,4,11,2007
127360,2000-11-26T00:00:00,,-36.2941,-56.7756,26,11,2000
127641,2002-11-17T00:00:00,1.0,-8.317789999999999,-63.4975,17,11,2002
127714,2004-03-17T00:00:00,1.0,-34.6543,-54.1427,17,3,2004
127739,2009-09-16T00:00:00,1.0,-0.377652,-78.1614,16,9,2009
127870,2003-09-14T00:00:00,,-21.1106,-58.79,14,9,2003
128037,2000-09-17T00:00:00,4.0,-25.2667,-57.6167,17,9,2000
128051,2007-11-03T00:00:00,,-34.6183,-54.2921,3,11,2007
128078,2003-10-06T00:00:00,,-20.23,-58.17,6,10,2003
128566,2009-04-10T00:00:00,,-34.0411,151.19899999999998,10,4,2009
128580,2007-11-12T00:00:00,,-36.31,-56.7583,12,11,2007
129413,2009-09-11T00:00:00,1.0,-13.1637,-72.2784,11,9,2009
129672,2000-02-07T00:00:00,17.0,-39.5521,-62.4368,7,2,2000
129951,2009-03-22T00:00:00,1.0,-34.0411,151.19899999999998,22,3,2009
130020,2009-09-18T00:00:00,1.0,-24.7098,-48.1246,18,9,2009
130367,2000-10-10T00:00:00,52.0,-25.2667,-57.6167,10,10,2000
130601,2008-01-25T00:00:00,,-34.6082,-58.354,25,1,2008
130671,2008-01-17T00:00:00,1.0,-53.7824,-67.696,17,1,2008
131029,2000-10-01T00:00:00,,-22.5694,-59.3397,1,10,2000
131054,2000-11-05T00:00:00,,-36.2941,-56.7756,5,11,2000
131206,2007-11-29T00:00:00,1.0,-22.4075,-66.0055,29,11,2007
131240,2009-12-13T00:00:00,30.0,-34.6183,-54.2921,13,12,2009
131374,2003-02-14T00:00:00,15.0,-18.4165,-70.3224,14,2,2003
131485,2006-03-01T00:00:00,5.0,-22.4075,-66.0055,1,3,2006
131605,2007-11-19T00:00:00,,-36.3848,-56.7066,19,11,2007
131702,2009-12-15T00:00:00,6.0,-34.5009,-54.303999999999995,15,12,2009
131714,2009-11-10T00:00:00,20.0,-35.916,-57.4178,10,11,2009
131853,2009-11-11T00:00:00,,-36.2941,-56.7756,11,11,2009
132063,2007-12-05T00:00:00,,-31.8838,-56.8783,5,12,2007
132198,2009-04-14T00:00:00,,-36.2941,-56.7756,14,4,2009
132292,2006-09-21T00:00:00,20.0,-14.0709,-66.8145,21,9,2006
132401,2009-03-21T00:00:00,3.0,-37.7444,-57.427,21,3,2009
132659,2009-03-08T00:00:00,,-34.0411,151.19899999999998,8,3,2009
132706,2009-02-19T00:00:00,3.0,-18.4165,-70.3224,19,2,2009
132905,2007-09-09T00:00:00,,-19.9526,-56.3044,9,9,2007
133207,2006-03-19T00:00:00,12.0,-30.118000000000002,-71.3705,19,3,2006
133305,2001-11-10T00:00:00,,-23.7667,-56.2833,10,11,2001
133910,2007-09-23T00:00:00,,-34.7658,-56.416000000000004,23,9,2007
134275,2003-10-20T00:00:00,,-18.451,-71.133,20,10,2003
134337,2008-10-30T00:00:00,4.0,-34.8773,-56.0235,30,10,2008
134438,2007-10-23T00:00:00,550.0,-34.6797,-54.2732,23,10,2007
134572,2006-11-18T00:00:00,1.0,-13.618,-71.7304,18,11,2006
134575,2005-11-26T00:00:00,,-36.2941,-56.7756,26,11,2005
134677,2000-11-08T00:00:00,40.0,-25.2667,-57.6167,8,11,2000
135072,2000-10-13T00:00:00,39.0,-25.2667,-57.6167,13,10,2000
135513,2009-02-10T00:00:00,,-35.4576,-58.8151,10,2,2009
135555,2009-10-05T00:00:00,17.0,-25.2712,-57.6298,5,10,2009
135746,2008-03-02T00:00:00,1.0,-32.8844,-71.5068,2,3,2008
135985,2003-07-29T00:00:00,,-13.8729,-76.2782,29,7,2003
136841,2008-03-15T00:00:00,1.0,-2.27972,-80.9165,15,3,2008
137121,2009-01-16T00:00:00,4.0,-29.8934,-71.2727,16,1,2009
137621,2008-02-12T00:00:00,5.0,-31.4167,-62.0833,12,2,2008
137810,2004-11-01T00:00:00,4.0,-45.1266,-66.5366,1,11,2004
137999,2000-01-06T00:00:00,,-34.6183,-54.2921,6,1,2000
